order_id,customer_id,product_id,order_date,ship_date,quantity,unit_price_vnd,total_amount,currency,status,shipping_address,discount_pct,addr_street,addr_district,addr_city,amount_after_discount
ORD-3001,CUS-1046,PRD-2036,2023-12-04,2023-12-14,4,-140000,-560000,VND,pending,"{""street"": ""306 Đường ABC"", ""district"": ""Quận 10"", ""city"": ""Hồ Chí Minh""}",0.0,306 Đường ABC,Quận 10,Hồ Chí Minh,-560000
ORD-3002,CUS-1131,PRD-2020,2023-08-13,2023-08-25,3,477000,1431000,VND,completed,"{""street"": ""626 Đường ABC"", ""district"": ""Quận 12"", ""city"": ""Hồ Chí Minh""}",0.0,626 Đường ABC,Quận 12,Hồ Chí Minh,1431000
ORD-3003,CUS-1142,PRD-2014,2023-10-06,2023-10-08,2,103000,206000,VND,pending,"{""street"": ""152 Đường ABC"", ""district"": ""Quận 3"", ""city"": ""Hà Nội""}",10.0,152 Đường ABC,Quận 3,Hà Nội,185400
ORD-3004,CUS-9116,PRD-2046,2023-03-07,2023-03-14,2,809000,1618000,VND,completed,"{""street"": ""461 Đường ABC"", ""district"": ""Quận 3"", ""city"": ""Đà Nẵng""}",0.0,461 Đường ABC,Quận 3,Đà Nẵng,1618000
ORD-3005,CUS-1039,PRD-2037,2023-07-07,2023-07-17,4,1314000,5256000,VND,returned,"{""street"": ""65 Đường ABC"", ""district"": ""Quận 5"", ""city"": ""Hà Nội""}",10.0,65 Đường ABC,Quận 5,Hà Nội,4730400
ORD-3006,CUS-1140,PRD-9834,2023-04-10,2023-04-15,3,103000,309000,VND,cancelled,"{""street"": ""565 Đường ABC"", ""district"": ""Quận 7"", ""city"": ""Hà Nội""}",15.0,565 Đường ABC,Quận 7,Hà Nội,262600
ORD-3007,CUS-1075,PRD-2023,2023-01-01,2023-01-09,2,140000,280000,VND,returned,"{""street"": ""821 Đường ABC"", ""district"": ""Quận 7"", ""city"": ""Đà Nẵng""}",10.0,821 Đường ABC,Quận 7,Đà Nẵng,252000
ORD-3008,CUS-1033,PRD-2026,2023-03-13,2023-03-26,5,283000,1415000,VND,completed,"{""street"": ""211 Đường ABC"", ""district"": ""Quận 7"", ""city"": ""Hà Nội""}",0.0,211 Đường ABC,Quận 7,Hà Nội,1415000
ORD-3009,CUS-1033,PRD-2019,2023-07-01,2023-07-10,2,140000,280000,VND,completed,"{""street"": ""33 Đường ABC"", ""district"": ""Quận 10"", ""city"": ""Hồ Chí Minh""}",0.0,33 Đường ABC,Quận 10,Hồ Chí Minh,280000
ORD-3010,CUS-1030,PRD-2018,2023-07-11,2023-07-24,5,298000,1490000,VND,pending,"{""street"": ""737 Đường ABC"", ""district"": ""Quận 8"", ""city"": ""Hồ Chí Minh""}",0.0,737 Đường ABC,Quận 8,Hồ Chí Minh,1490000
ORD-3011,CUS-1022,PRD-2008,2023-07-24,2023-07-30,3,1328000,3984000,VND,completed,"{""street"": ""286 Đường ABC"", ""district"": ""Quận 6"", ""city"": ""Hồ Chí Minh""}",5.0,286 Đường ABC,Quận 6,Hồ Chí Minh,3784800
ORD-3012,CUS-1058,PRD-2029,2023-01-28,2023-02-08,5,143000,715000,VND,completed,"{""street"": ""446 Đường ABC"", ""district"": ""Quận 3"", ""city"": ""Hà Nội""}",0.0,446 Đường ABC,Quận 3,Hà Nội,715000
ORD-3013,CUS-1147,PRD-9496,2023-05-27,2023-06-07,3,142000,426000,VND,completed,"{""street"": ""144 Đường ABC"", ""district"": ""Quận 12"", ""city"": ""Đà Nẵng""}",0.0,144 Đường ABC,Quận 12,Đà Nẵng,426000
ORD-3014,CUS-1028,PRD-2006,2023-05-14,2023-05-16,3,1293000,3879000,VND,pending,"{""street"": ""631 Đường ABC"", ""district"": ""Quận 1"", ""city"": ""Đà Nẵng""}",10.0,631 Đường ABC,Quận 1,Đà Nẵng,3491100
ORD-3015,CUS-1023,PRD-2040,2023-10-03,2023-10-05,3,279000,837000,VND,returned,"{""street"": ""167 Đường ABC"", ""district"": ""Quận 12"", ""city"": ""Hải Phòng""}",0.0,167 Đường ABC,Quận 12,Hải Phòng,837000
ORD-3016,CUS-1022,PRD-2029,2023-05-03,2023-05-12,5,143000,715000,VND,returned,"{""street"": ""224 Đường ABC"", ""district"": ""Quận 3"", ""city"": ""Hà Nội""",10.0,224 Đường ABC,Quận 3,Hà Nội,643500
ORD-3017,CUS-1144,PRD-2007,2023-06-09,2023-06-10,5,523000,2615000,VND,completed,"{""street"": ""767 Đường ABC"", ""district"": ""Quận 9"", ""city"": ""Cần Thơ""}",0.0,767 Đường ABC,Quận 9,Cần Thơ,2615000
ORD-3018,CUS-1135,PRD-2041,2023-11-12,2023-11-20,5,150000,750000,VND,completed,"{""street"": ""372 Đường ABC"", ""district"": ""Quận 12"", ""city"": ""Hà Nội""}",5.0,372 Đường ABC,Quận 12,Hà Nội,712500
ORD-3019,CUS-1094,PRD-2043,2023-03-15,2023-03-26,5,291000,1455000,VND,completed,"{""street"": ""6 Đường ABC"", ""district"": ""Quận 8"", ""city"": ""Cần Thơ""}",15.0,6 Đường ABC,Quận 8,Cần Thơ,1236800
ORD-3020,CUS-1062,PRD-2011,2023-05-16,2023-05-30,5,142000,710000,VND,cancelled,"{""street"": ""184 Đường ABC"", ""district"": ""Quận 3"", ""city"": ""Cần Thơ""}",0.0,184 Đường ABC,Quận 3,Cần Thơ,710000
ORD-3021,CUS-1044,PRD-2012,2023-07-16,2023-07-20,1,327000,327000,VND,completed,"{""street"": ""227 Đường ABC"", ""district"": ""Quận 4"", ""city"": ""Hồ Chí Minh""}",20.0,227 Đường ABC,Quận 4,Hồ Chí Minh,261600
ORD-3022,CUS-1039,PRD-2042,2023-12-22,2023-12-24,3,158000,474000,VND,completed,"{""street"": ""447 Đường ABC"", ""district"": ""Quận 3"", ""city"": ""Đà Nẵng""}",0.0,447 Đường ABC,Quận 3,Đà Nẵng,474000
ORD-3023,CUS-1136,PRD-2013,2023-06-24,2023-07-01,5,99000,495000,VND,pending,"{""street"": ""2 Đường ABC"", ""district"": ""Quận 4"", ""city"": ""Hải Phòng""}",5.0,2 Đường ABC,Quận 4,Hải Phòng,470200
ORD-3024,CUS-1137,PRD-2031,2023-08-05,2023-08-07,2,833000,1666000,VND,completed,"{""street"": ""882 Đường ABC"", ""district"": ""Quận 12"", ""city"": ""Hải Phòng""}",15.0,882 Đường ABC,Quận 12,Hải Phòng,1416100
ORD-3025,CUS-1118,PRD-2023,2023-12-06,2023-12-18,3,140000,420000,VND,completed,"{""street"": ""166 Đường ABC"", ""district"": ""Quận 6"", ""city"": ""Hà Nội""}",15.0,166 Đường ABC,Quận 6,Hà Nội,357000
ORD-3026,CUS-1074,PRD-2035,2023-10-17,2023-10-31,5,464000,2320000,VND,cancelled,"{""street"": ""316 Đường ABC"", ""district"": ""Quận 12"", ""city"": ""Cần Thơ""}",0.0,316 Đường ABC,Quận 12,Cần Thơ,2320000
ORD-3027,CUS-1075,PRD-2024,2023-02-11,2023-02-18,4,811000,3244000,VND,cancelled,"{""street"": ""344 Đường ABC"", ""district"": ""Quận 4"", ""city"": ""Cần Thơ""",5.0,344 Đường ABC,Quận 4,Cần Thơ,3081800
ORD-3028,CUS-1021,PRD-2045,2023-09-13,2023-09-16,4,2346000,9384000,VND,returned,"{""street"": ""792 Đường ABC"", ""district"": ""Quận 6"", ""city"": ""Hà Nội""}",15.0,792 Đường ABC,Quận 6,Hà Nội,7976400
ORD-3029,CUS-1131,PRD-2023,2023-06-26,2023-06-29,1,140000,140000,VND,completed,"{""street"": ""75 Đường ABC"", ""district"": ""Quận 5"", ""city"": ""Hà Nội""}",15.0,75 Đường ABC,Quận 5,Hà Nội,119000
ORD-3030,CUS-1120,PRD-2030,2023-06-22,2023-06-27,4,138000,552000,VND,completed,"{""street"": ""444 Đường ABC"", ""district"": ""Quận 2"", ""city"": ""Hải Phòng""}",0.0,444 Đường ABC,Quận 2,Hải Phòng,552000
ORD-3031,CUS-1107,PRD-2048,2023-05-26,2023-05-31,1,0,0,VND,completed,"{""street"": ""360 Đường ABC"", ""district"": ""Quận 5"", ""city"": ""Hải Phòng""}",15.0,360 Đường ABC,Quận 5,Hải Phòng,0
ORD-3032,CUS-1017,PRD-2043,2023-11-23,2023-11-27,4,291000,1164000,VND,completed,"{""street"": ""320 Đường ABC"", ""district"": ""Quận 5"", ""city"": ""Đà Nẵng""}",0.0,320 Đường ABC,Quận 5,Đà Nẵng,1164000
ORD-3033,CUS-1008,PRD-2012,2023-09-11,2023-09-18,5,327000,1635000,VND,completed,"{""street"": ""15 Đường ABC"", ""district"": ""Quận 7"", ""city"": ""Hải Phòng""}",5.0,15 Đường ABC,Quận 7,Hải Phòng,1553200
ORD-3034,CUS-1040,PRD-2021,2023-11-03,2023-11-05,2,2475000,4950000,VND,completed,"{""street"": ""447 Đường ABC"", ""district"": ""Quận 5"", ""city"": ""Hà Nội""}",0.0,447 Đường ABC,Quận 5,Hà Nội,4950000
ORD-3035,CUS-1043,PRD-2032,2023-09-29,2023-09-30,3,487000,1461000,VND,returned,"{""street"": ""655 Đường ABC"", ""district"": ""Quận 11"", ""city"": ""Hồ Chí Minh""}",15.0,655 Đường ABC,Quận 11,Hồ Chí Minh,1241800
ORD-3036,CUS-1001,PRD-2034,2023-01-28,2023-02-11,5,2378000,11890000,VND,pending,"{""street"": ""534 Đường ABC"", ""district"": ""Quận 12"", ""city"": ""Hồ Chí Minh""}",0.0,534 Đường ABC,Quận 12,Hồ Chí Minh,11890000
ORD-3037,CUS-1034,PRD-2010,2023-07-16,2023-07-19,4,2497000,9988000,VND,returned,,20.0,Không xác định,Không xác định,Không xác định,7990400
ORD-3038,CUS-1060,PRD-2007,2023-03-17,2023-03-23,3,523000,1569000,VND,cancelled,"{""street"": ""517 Đường ABC"", ""district"": ""Quận 4"", ""city"": ""Hồ Chí Minh""}",0.0,517 Đường ABC,Quận 4,Hồ Chí Minh,1569000
ORD-3039,CUS-1038,PRD-2039,2023-08-29,2023-09-09,3,0,0,VND,cancelled,"{""street"": ""739 Đường ABC"", ""district"": ""Quận 5"", ""city"": ""Hồ Chí Minh""}",10.0,739 Đường ABC,Quận 5,Hồ Chí Minh,0
ORD-3040,CUS-1126,PRD-9187,2023-05-19,2023-05-25,3,523000,1569000,VND,cancelled,"{""street"": ""709 Đường ABC"", ""district"": ""Quận 5"", ""city"": ""Cần Thơ""}",0.0,709 Đường ABC,Quận 5,Cần Thơ,1569000
ORD-3041,CUS-1101,PRD-2002,2023-01-11,2023-01-25,4,821000,3284000,VND,completed,"{""street"": ""27 Đường ABC"", ""district"": ""Quận 10"", ""city"": ""Hà Nội""}",5.0,27 Đường ABC,Quận 10,Hà Nội,3119800
ORD-3042,CUS-9764,PRD-2027,2023-04-22,2023-04-30,2,879000,1758000,VND,pending,"{""street"": ""535 Đường ABC"", ""district"": ""Quận 6"", ""city"": ""Hà Nội""}",0.0,535 Đường ABC,Quận 6,Hà Nội,1758000
ORD-3043,CUS-1058,PRD-2050,2023-01-11,2023-01-24,2,773000,1546000,VND,completed,"{""street"": ""734 Đường ABC"", ""district"": ""Quận 8"", ""city"": ""Hồ Chí Minh""}",20.0,734 Đường ABC,Quận 8,Hồ Chí Minh,1236800
ORD-3044,CUS-1022,PRD-2011,2023-05-29,2023-06-04,4,142000,568000,VND,completed,"{""street"": ""176 Đường ABC"", ""district"": ""Quận 6"", ""city"": ""Cần Thơ""}",0.0,176 Đường ABC,Quận 6,Cần Thơ,568000
ORD-3045,CUS-9896,PRD-2049,2023-04-30,2023-05-07,5,-109000,-545000,VND,pending,"{""street"": ""240 Đường ABC"", ""district"": ""Quận 2"", ""city"": ""Đà Nẵng""}",5.0,240 Đường ABC,Quận 2,Đà Nẵng,-517800
ORD-3046,CUS-1067,PRD-2009,2023-09-26,2023-10-06,2,2356000,4712000,VND,pending,"{""street"": ""297 Đường ABC"", ""district"": ""Quận 2"", ""city"": ""Hà Nội""}",0.0,297 Đường ABC,Quận 2,Hà Nội,4712000
ORD-3047,CUS-1114,PRD-2042,2023-05-28,2023-06-06,2,158000,316000,VND,completed,"{""street"": ""794 Đường ABC"", ""district"": ""Quận 1"", ""city"": ""Hồ Chí Minh""",5.0,794 Đường ABC,Quận 1,Hồ Chí Minh,300200
ORD-3048,CUS-1102,PRD-2048,2023-10-19,2023-10-29,5,0,0,VND,returned,"{""street"": ""23 Đường ABC"", ""district"": ""Quận 6"", ""city"": ""Đà Nẵng""}",15.0,23 Đường ABC,Quận 6,Đà Nẵng,0
ORD-3049,CUS-1141,PRD-2040,2023-02-26,2023-03-11,1,279000,279000,VND,returned,"{""street"": ""581 Đường ABC"", ""district"": ""Quận 11"", ""city"": ""Hải Phòng""}",0.0,581 Đường ABC,Quận 11,Hải Phòng,279000
ORD-3050,CUS-1042,PRD-2005,2023-10-18,2023-10-31,2,465000,930000,VND,completed,"{""street"": ""696 Đường ABC"", ""district"": ""Quận 10"", ""city"": ""Cần Thơ""}",10.0,696 Đường ABC,Quận 10,Cần Thơ,837000
ORD-3051,CUS-1128,PRD-2009,2023-12-08,2023-12-19,5,2356000,11780000,VND,pending,"{""street"": ""426 Đường ABC"", ""district"": ""Quận 5"", ""city"": ""Hải Phòng""",0.0,426 Đường ABC,Quận 5,Hải Phòng,11780000
ORD-3052,CUS-1116,PRD-2050,2023-05-21,2023-05-30,1,773000,773000,VND,pending,"{""street"": ""953 Đường ABC"", ""district"": ""Quận 4"", ""city"": ""Hà Nội""}",20.0,953 Đường ABC,Quận 4,Hà Nội,618400
ORD-3053,CUS-1010,PRD-2049,2023-08-14,2023-08-18,3,-109000,-327000,VND,completed,"{""street"": ""313 Đường ABC"", ""district"": ""Quận 5"", ""city"": ""Hà Nội""}",5.0,313 Đường ABC,Quận 5,Hà Nội,-310600
ORD-3054,CUS-1036,PRD-2050,2023-02-19,2023-02-24,2,773000,1546000,VND,returned,,20.0,Không xác định,Không xác định,Không xác định,1236800
ORD-3055,CUS-1016,PRD-2050,2023-05-15,2023-05-27,2,773000,1546000,VND,completed,"{""street"": ""627 Đường ABC"", ""district"": ""Quận 9"", ""city"": ""Đà Nẵng""}",15.0,627 Đường ABC,Quận 9,Đà Nẵng,1314100
ORD-3056,CUS-1107,PRD-2001,2023-07-06,2023-07-20,3,160000,480000,VND,pending,"{""street"": ""407 Đường ABC"", ""district"": ""Quận 12"", ""city"": ""Hồ Chí Minh""}",0.0,407 Đường ABC,Quận 12,Hồ Chí Minh,480000
ORD-3057,CUS-1071,PRD-2026,2023-10-18,2023-10-27,5,283000,1415000,VND,returned,"{""street"": ""16 Đường ABC"", ""district"": ""Quận 7"", ""city"": ""Hồ Chí Minh""}",5.0,16 Đường ABC,Quận 7,Hồ Chí Minh,1344200
ORD-3058,CUS-1042,PRD-2027,2023-05-12,2023-05-25,1,879000,879000,VND,cancelled,"{""street"": ""13 Đường ABC"", ""district"": ""Quận 9"", ""city"": ""Hải Phòng""}",0.0,13 Đường ABC,Quận 9,Hải Phòng,879000
ORD-3059,CUS-1124,PRD-2021,2023-01-06,2023-01-12,1,2475000,2475000,VND,completed,"{""street"": ""226 Đường ABC"", ""district"": ""Quận 8"", ""city"": ""Đà Nẵng""}",0.0,226 Đường ABC,Quận 8,Đà Nẵng,2475000
ORD-3060,CUS-1057,PRD-2029,2023-04-17,2023-04-20,2,143000,286000,VND,completed,"{""street"": ""448 Đường ABC"", ""district"": ""Quận 6"", ""city"": ""Hà Nội""",0.0,448 Đường ABC,Quận 6,Hà Nội,286000
ORD-3061,CUS-1008,PRD-2010,2023-04-08,2023-04-17,4,2497000,9988000,VND,completed,"{""street"": ""499 Đường ABC"", ""district"": ""Quận 8"", ""city"": ""Hải Phòng""}",0.0,499 Đường ABC,Quận 8,Hải Phòng,9988000
ORD-3062,CUS-1070,PRD-2014,2023-12-16,2023-12-22,4,103000,412000,VND,completed,"{""street"": ""841 Đường ABC"", ""district"": ""Quận 5"", ""city"": ""Hà Nội""}",0.0,841 Đường ABC,Quận 5,Hà Nội,412000
ORD-3063,CUS-1077,PRD-2043,2023-08-22,2023-09-05,2,291000,582000,VND,completed,"{""street"": ""751 Đường ABC"", ""district"": ""Quận 8"", ""city"": ""Hà Nội""}",0.0,751 Đường ABC,Quận 8,Hà Nội,582000
ORD-3064,CUS-1122,PRD-2018,2023-05-09,2023-05-14,1,298000,298000,VND,completed,"{""street"": ""632 Đường ABC"", ""district"": ""Quận 11"", ""city"": ""Hà Nội""}",0.0,632 Đường ABC,Quận 11,Hà Nội,298000
ORD-3065,CUS-1055,PRD-2044,2023-12-19,2023-12-25,1,142000,142000,VND,completed,"{""street"": ""844 Đường ABC"", ""district"": ""Quận 9"", ""city"": ""Hồ Chí Minh""}",10.0,844 Đường ABC,Quận 9,Hồ Chí Minh,127800
ORD-3066,CUS-1070,PRD-2004,2023-10-19,2023-10-24,5,280000,1400000,VND,returned,"{""street"": ""656 Đường ABC"", ""district"": ""Quận 9"", ""city"": ""Hải Phòng""}",0.0,656 Đường ABC,Quận 9,Hải Phòng,1400000
ORD-3067,CUS-1146,PRD-2031,2023-08-15,2023-08-29,1,833000,833000,VND,cancelled,"{""street"": ""360 Đường ABC"", ""district"": ""Quận 5"", ""city"": ""Hà Nội""}",0.0,360 Đường ABC,Quận 5,Hà Nội,833000
ORD-3068,CUS-1131,PRD-2023,2023-06-20,2023-07-01,3,140000,420000,VND,completed,"{""street"": ""838 Đường ABC"", ""district"": ""Quận 8"", ""city"": ""Hồ Chí Minh""}",5.0,838 Đường ABC,Quận 8,Hồ Chí Minh,399000
ORD-3069,CUS-1067,PRD-2042,2023-11-08,2023-11-11,2,158000,316000,VND,completed,"{""street"": ""764 Đường ABC"", ""district"": ""Quận 12"", ""city"": ""Hồ Chí Minh""}",0.0,764 Đường ABC,Quận 12,Hồ Chí Minh,316000
ORD-3070,CUS-1029,PRD-2033,2023-02-13,2023-02-15,4,1212000,4848000,VND,completed,"{""street"": ""766 Đường ABC"", ""district"": ""Quận 11"", ""city"": ""Cần Thơ""}",0.0,766 Đường ABC,Quận 11,Cần Thơ,4848000
ORD-3071,CUS-1005,PRD-2015,2023-09-25,2023-10-05,1,160000,160000,VND,returned,"{""street"": ""352 Đường ABC"", ""district"": ""Quận 6"", ""city"": ""Đà Nẵng""}",0.0,352 Đường ABC,Quận 6,Đà Nẵng,160000
ORD-3072,CUS-1065,PRD-2029,2023-11-28,2023-11-29,2,143000,286000,VND,cancelled,"{""street"": ""563 Đường ABC"", ""district"": ""Quận 3"", ""city"": ""Đà Nẵng""}",0.0,563 Đường ABC,Quận 3,Đà Nẵng,286000
ORD-3073,CUS-1017,PRD-2043,2023-02-10,2023-02-14,4,291000,1164000,VND,completed,"{""street"": ""299 Đường ABC"", ""district"": ""Quận 6"", ""city"": ""Cần Thơ""}",0.0,299 Đường ABC,Quận 6,Cần Thơ,1164000
ORD-3074,CUS-1114,PRD-2015,2023-11-06,2023-11-13,5,160000,800000,VND,pending,"{""street"": ""889 Đường ABC"", ""district"": ""Quận 10"", ""city"": ""Cần Thơ""}",10.0,889 Đường ABC,Quận 10,Cần Thơ,720000
ORD-3075,CUS-1130,PRD-2035,2023-04-15,2023-04-26,4,464000,1856000,VND,pending,"{""street"": ""406 Đường ABC"", ""district"": ""Quận 11"", ""city"": ""Cần Thơ""}",20.0,406 Đường ABC,Quận 11,Cần Thơ,1484800
ORD-3076,CUS-1121,PRD-2032,2023-11-16,2023-11-29,3,487000,1461000,VND,returned,"{""street"": ""811 Đường ABC"", ""district"": ""Quận 3"", ""city"": ""Hà Nội""}",15.0,811 Đường ABC,Quận 3,Hà Nội,1241800
ORD-3077,CUS-1119,PRD-2016,2023-04-24,2023-05-08,4,1381000,5524000,VND,completed,"{""street"": ""747 Đường ABC"", ""district"": ""Quận 1"", ""city"": ""Hà Nội""}",20.0,747 Đường ABC,Quận 1,Hà Nội,4419200
ORD-3078,CUS-9384,PRD-9877,2023-02-06,2023-02-11,5,298000,1490000,VND,cancelled,"{""street"": ""746 Đường ABC"", ""district"": ""Quận 3"", ""city"": ""Cần Thơ""",10.0,746 Đường ABC,Quận 3,Cần Thơ,1341000
ORD-3079,CUS-1082,PRD-2026,2023-10-19,2023-11-01,5,283000,1415000,VND,cancelled,"{""street"": ""775 Đường ABC"", ""district"": ""Quận 8"", ""city"": ""Hải Phòng""}",0.0,775 Đường ABC,Quận 8,Hải Phòng,1415000
ORD-3080,CUS-1059,PRD-2029,2023-08-13,2023-08-17,5,143000,715000,VND,completed,"{""street"": ""488 Đường ABC"", ""district"": ""Quận 5"", ""city"": ""Hải Phòng""}",20.0,488 Đường ABC,Quận 5,Hải Phòng,572000
ORD-3081,CUS-1095,PRD-2012,2023-06-21,2023-07-03,3,327000,981000,VND,completed,"{""street"": ""988 Đường ABC"", ""district"": ""Quận 6"", ""city"": ""Hồ Chí Minh""}",15.0,988 Đường ABC,Quận 6,Hồ Chí Minh,833800
ORD-3082,CUS-1021,PRD-9420,2023-04-07,2023-04-10,3,150000,450000,VND,completed,"{""street"": ""330 Đường ABC"", ""district"": ""Quận 7"", ""city"": ""Cần Thơ""}",15.0,330 Đường ABC,Quận 7,Cần Thơ,382500
ORD-3083,CUS-1134,PRD-2047,2023-08-21,2023-08-28,5,293000,1465000,VND,completed,"{""street"": ""850 Đường ABC"", ""district"": ""Quận 11"", ""city"": ""Cần Thơ""}",0.0,850 Đường ABC,Quận 11,Cần Thơ,1465000
ORD-3084,CUS-1140,PRD-2005,2023-10-15,2023-10-28,4,465000,1860000,VND,completed,"{""street"": ""916 Đường ABC"", ""district"": ""Quận 6"", ""city"": ""Cần Thơ""}",0.0,916 Đường ABC,Quận 6,Cần Thơ,1860000
ORD-3085,CUS-1025,PRD-2019,2023-01-12,2023-01-23,1,140000,140000,VND,cancelled,"{""street"": ""6 Đường ABC"", ""district"": ""Quận 4"", ""city"": ""Hà Nội""}",0.0,6 Đường ABC,Quận 4,Hà Nội,140000
ORD-3086,CUS-1122,PRD-2017,2023-07-05,2023-07-18,1,147000,147000,VND,completed,"{""street"": ""11 Đường ABC"", ""district"": ""Quận 8"", ""city"": ""Hà Nội""}",10.0,11 Đường ABC,Quận 8,Hà Nội,132300
ORD-3087,CUS-1146,PRD-2010,2023-09-30,2023-10-03,3,2497000,7491000,VND,completed,"{""street"": ""751 Đường ABC"", ""district"": ""Quận 1"", ""city"": ""Hồ Chí Minh""}",0.0,751 Đường ABC,Quận 1,Hồ Chí Minh,7491000
ORD-3088,CUS-1027,PRD-2029,2023-05-04,2023-05-10,4,143000,572000,VND,returned,"{""street"": ""174 Đường ABC"", ""district"": ""Quận 7"", ""city"": ""Cần Thơ""}",0.0,174 Đường ABC,Quận 7,Cần Thơ,572000
ORD-3089,CUS-1079,PRD-2011,2023-04-08,2023-04-17,5,142000,710000,VND,pending,"{""street"": ""24 Đường ABC"", ""district"": ""Quận 4"", ""city"": ""Hà Nội""}",20.0,24 Đường ABC,Quận 4,Hà Nội,568000
ORD-3090,CUS-1026,PRD-2037,2023-09-06,2023-09-10,2,1314000,2628000,VND,returned,"{""street"": ""477 Đường ABC"", ""district"": ""Quận 12"", ""city"": ""Cần Thơ""}",0.0,477 Đường ABC,Quận 12,Cần Thơ,2628000
ORD-3091,CUS-1094,PRD-2045,2023-08-16,2023-08-28,1,2346000,2346000,VND,completed,"{""street"": ""968 Đường ABC"", ""district"": ""Quận 11"", ""city"": ""Hồ Chí Minh""}",5.0,968 Đường ABC,Quận 11,Hồ Chí Minh,2228700
ORD-3092,CUS-1002,PRD-2032,2023-10-28,2023-11-09,5,487000,2435000,VND,pending,"{""street"": ""302 Đường ABC"", ""district"": ""Quận 10"", ""city"": ""Hà Nội""}",10.0,302 Đường ABC,Quận 10,Hà Nội,2191500
ORD-3093,CUS-1138,PRD-2028,2023-12-23,2024-01-05,5,140000,700000,VND,returned,"{""street"": ""68 Đường ABC"", ""district"": ""Quận 11"", ""city"": ""Hải Phòng""}",10.0,68 Đường ABC,Quận 11,Hải Phòng,630000
ORD-3094,CUS-1084,PRD-2001,2023-08-25,2023-08-26,1,160000,160000,VND,cancelled,"{""street"": ""476 Đường ABC"", ""district"": ""Quận 9"", ""city"": ""Cần Thơ""}",15.0,476 Đường ABC,Quận 9,Cần Thơ,136000
ORD-3095,CUS-1096,PRD-2012,2023-09-10,2023-09-13,4,327000,1308000,VND,cancelled,"{""street"": ""52 Đường ABC"", ""district"": ""Quận 11"", ""city"": ""Đà Nẵng""}",20.0,52 Đường ABC,Quận 11,Đà Nẵng,1046400
ORD-3096,CUS-1061,PRD-2046,2023-05-06,2023-05-04,5,809000,4045000,VND,cancelled,"{""street"": ""913 Đường ABC"", ""district"": ""Quận 8"", ""city"": ""Đà Nẵng""}",20.0,913 Đường ABC,Quận 8,Đà Nẵng,3236000
ORD-3097,CUS-1089,PRD-2006,2023-10-17,2023-10-19,3,1293000,3879000,VND,cancelled,"{""street"": ""913 Đường ABC"", ""district"": ""Quận 1"", ""city"": ""Hà Nội""}",5.0,913 Đường ABC,Quận 1,Hà Nội,3685000
ORD-3098,CUS-1078,PRD-2044,2023-04-22,2023-04-25,4,142000,568000,VND,cancelled,"{""street"": ""868 Đường ABC"", ""district"": ""Quận 3"", ""city"": ""Đà Nẵng""}",20.0,868 Đường ABC,Quận 3,Đà Nẵng,454400
ORD-3099,CUS-1090,PRD-2031,2023-01-07,2023-01-15,5,833000,4165000,VND,pending,"{""street"": ""587 Đường ABC"", ""district"": ""Quận 7"", ""city"": ""Cần Thơ""}",0.0,587 Đường ABC,Quận 7,Cần Thơ,4165000
ORD-3100,CUS-1078,PRD-2048,2023-05-22,2023-05-25,5,0,0,VND,returned,"{""street"": ""330 Đường ABC"", ""district"": ""Quận 4"", ""city"": ""Hồ Chí Minh""}",0.0,330 Đường ABC,Quận 4,Hồ Chí Minh,0
ORD-3101,CUS-1128,PRD-2037,2023-12-09,2023-12-18,3,1314000,3942000,VND,completed,"{""street"": ""324 Đường ABC"", ""district"": ""Quận 9"", ""city"": ""Cần Thơ""}",15.0,324 Đường ABC,Quận 9,Cần Thơ,3350700
ORD-3102,CUS-1113,PRD-2038,2023-01-10,2023-01-18,5,779000,3895000,VND,returned,"{""street"": ""347 Đường ABC"", ""district"": ""Quận 4"", ""city"": ""Cần Thơ""}",20.0,347 Đường ABC,Quận 4,Cần Thơ,3116000
ORD-3103,CUS-1141,PRD-2038,2023-03-05,2023-03-09,5,779000,3895000,VND,cancelled,"{""street"": ""312 Đường ABC"", ""district"": ""Quận 12"", ""city"": ""Hồ Chí Minh""}",0.0,312 Đường ABC,Quận 12,Hồ Chí Minh,3895000
ORD-3104,CUS-1117,PRD-2032,2023-09-11,2023-09-17,1,487000,487000,VND,completed,"{""street"": ""729 Đường ABC"", ""district"": ""Quận 10"", ""city"": ""Hồ Chí Minh""}",10.0,729 Đường ABC,Quận 10,Hồ Chí Minh,438300
ORD-3105,CUS-1049,PRD-2016,2023-07-01,2023-07-12,4,1381000,5524000,VND,completed,"{""street"": ""692 Đường ABC"", ""district"": ""Quận 2"", ""city"": ""Hồ Chí Minh""}",20.0,692 Đường ABC,Quận 2,Hồ Chí Minh,4419200
ORD-3106,CUS-1036,PRD-2012,2023-11-30,2023-12-02,1,327000,327000,VND,completed,"{""street"": ""93 Đường ABC"", ""district"": ""Quận 6"", ""city"": ""Cần Thơ""}",0.0,93 Đường ABC,Quận 6,Cần Thơ,327000
ORD-3107,CUS-1043,PRD-2035,2023-10-07,2023-10-19,2,464000,928000,VND,completed,"{""street"": ""214 Đường ABC"", ""district"": ""Quận 9"", ""city"": ""Hồ Chí Minh""}",0.0,214 Đường ABC,Quận 9,Hồ Chí Minh,928000
ORD-3108,CUS-9578,PRD-2003,2023-10-20,2023-11-03,1,802000,802000,VND,completed,"{""street"": ""326 Đường ABC"", ""district"": ""Quận 11"", ""city"": ""Cần Thơ""}",0.0,326 Đường ABC,Quận 11,Cần Thơ,802000
ORD-3109,CUS-1082,PRD-2026,2023-03-15,2023-03-27,1,283000,283000,VND,cancelled,"{""street"": ""877 Đường ABC"", ""district"": ""Quận 2"", ""city"": ""Cần Thơ""}",10.0,877 Đường ABC,Quận 2,Cần Thơ,254700
ORD-3110,CUS-1125,PRD-2045,2023-08-04,2023-08-05,2,2346000,4692000,VND,completed,"{""street"": ""395 Đường ABC"", ""district"": ""Quận 11"", ""city"": ""Hà Nội""}",0.0,395 Đường ABC,Quận 11,Hà Nội,4692000
ORD-3112,CUS-1006,PRD-2002,2023-09-25,2023-10-04,1,821000,821000,VND,cancelled,"{""street"": ""978 Đường ABC"", ""district"": ""Quận 6"", ""city"": ""Đà Nẵng""",0.0,978 Đường ABC,Quận 6,Đà Nẵng,821000
ORD-3113,CUS-1010,PRD-2006,2023-01-21,2023-01-24,4,1293000,5172000,VND,cancelled,"{""street"": ""43 Đường ABC"", ""district"": ""Quận 11"", ""city"": ""Hà Nội""}",5.0,43 Đường ABC,Quận 11,Hà Nội,4913400
ORD-3114,CUS-1107,PRD-2013,2023-03-04,2023-03-12,4,99000,396000,VND,completed,"{""street"": ""327 Đường ABC"", ""district"": ""Quận 6"", ""city"": ""Đà Nẵng""}",15.0,327 Đường ABC,Quận 6,Đà Nẵng,336600
ORD-3115,CUS-1106,PRD-2012,2023-09-26,2023-10-04,4,327000,1308000,VND,cancelled,"{""street"": ""550 Đường ABC"", ""district"": ""Quận 1"", ""city"": ""Hồ Chí Minh""}",20.0,550 Đường ABC,Quận 1,Hồ Chí Minh,1046400
ORD-3116,CUS-1012,PRD-2019,2023-06-17,2023-06-21,4,140000,560000,VND,completed,"{""street"": ""514 Đường ABC"", ""district"": ""Quận 10"", ""city"": ""Hà Nội""}",0.0,514 Đường ABC,Quận 10,Hà Nội,560000
ORD-3117,CUS-1106,PRD-2023,2023-09-12,2023-09-20,1,140000,140000,VND,completed,"{""street"": ""568 Đường ABC"", ""district"": ""Quận 10"", ""city"": ""Hà Nội""}",15.0,568 Đường ABC,Quận 10,Hà Nội,119000
ORD-3118,CUS-1120,PRD-2016,2023-06-20,2023-06-30,2,1381000,2762000,VND,completed,"{""street"": ""733 Đường ABC"", ""district"": ""Quận 2"", ""city"": ""Hải Phòng""}",10.0,733 Đường ABC,Quận 2,Hải Phòng,2485800
ORD-3119,CUS-1025,PRD-2020,2023-02-10,2023-02-16,2,477000,954000,VND,returned,"{""street"": ""407 Đường ABC"", ""district"": ""Quận 3"", ""city"": ""Hồ Chí Minh""}",0.0,407 Đường ABC,Quận 3,Hồ Chí Minh,954000
ORD-3120,CUS-9571,PRD-2034,2023-02-06,2023-02-08,1,2378000,2378000,VND,pending,"{""street"": ""412 Đường ABC"", ""district"": ""Quận 12"", ""city"": ""Hồ Chí Minh""}",0.0,412 Đường ABC,Quận 12,Hồ Chí Minh,2378000
ORD-3121,CUS-1093,PRD-2009,2023-05-03,2023-05-14,5,2356000,11780000,VND,completed,"{""street"": ""135 Đường ABC"", ""district"": ""Quận 1"", ""city"": ""Hải Phòng""}",0.0,135 Đường ABC,Quận 1,Hải Phòng,11780000
ORD-3122,CUS-1047,PRD-2007,2023-03-01,2023-03-11,2,523000,1046000,VND,returned,"{""street"": ""46 Đường ABC"", ""district"": ""Quận 2"", ""city"": ""Hà Nội""}",10.0,46 Đường ABC,Quận 2,Hà Nội,941400
ORD-3123,CUS-1134,PRD-2001,2023-04-28,2023-05-06,2,160000,320000,VND,completed,"{""street"": ""459 Đường ABC"", ""district"": ""Quận 3"", ""city"": ""Đà Nẵng""}",0.0,459 Đường ABC,Quận 3,Đà Nẵng,320000
ORD-3124,CUS-1058,PRD-2035,2023-06-07,2023-06-09,3,464000,1392000,VND,completed,"{""street"": ""133 Đường ABC"", ""district"": ""Quận 9"", ""city"": ""Đà Nẵng""}",5.0,133 Đường ABC,Quận 9,Đà Nẵng,1322400
ORD-3125,CUS-1043,PRD-2001,2023-02-19,2023-03-03,4,160000,640000,VND,cancelled,"{""street"": ""362 Đường ABC"", ""district"": ""Quận 7"", ""city"": ""Hải Phòng""}",15.0,362 Đường ABC,Quận 7,Hải Phòng,544000
ORD-3126,CUS-1040,PRD-2003,2023-02-15,2023-02-27,5,802000,4010000,VND,completed,"{""street"": ""369 Đường ABC"", ""district"": ""Quận 10"", ""city"": ""Hà Nội""}",0.0,369 Đường ABC,Quận 10,Hà Nội,4010000
ORD-3127,CUS-1113,PRD-2016,2023-01-03,2023-01-13,5,1381000,6905000,VND,completed,"{""street"": ""289 Đường ABC"", ""district"": ""Quận 4"", ""city"": ""Đà Nẵng""}",0.0,289 Đường ABC,Quận 4,Đà Nẵng,6905000
ORD-3128,CUS-1089,PRD-2023,2023-06-13,2023-06-17,5,140000,700000,VND,returned,"{""street"": ""467 Đường ABC"", ""district"": ""Quận 1"", ""city"": ""Đà Nẵng""}",0.0,467 Đường ABC,Quận 1,Đà Nẵng,700000
ORD-3129,CUS-1061,PRD-2025,2023-07-10,2023-07-13,4,1283000,5132000,VND,completed,"{""street"": ""875 Đường ABC"", ""district"": ""Quận 3"", ""city"": ""Hải Phòng""}",5.0,875 Đường ABC,Quận 3,Hải Phòng,4875400
ORD-3130,CUS-1090,PRD-2009,2023-08-13,2023-08-26,5,2356000,11780000,VND,completed,"{""street"": ""518 Đường ABC"", ""district"": ""Quận 5"", ""city"": ""Hải Phòng""}",0.0,518 Đường ABC,Quận 5,Hải Phòng,11780000
ORD-3131,CUS-1036,PRD-2010,2023-08-08,2023-08-14,5,2497000,12485000,VND,completed,"{""street"": ""839 Đường ABC"", ""district"": ""Quận 2"", ""city"": ""Cần Thơ""}",0.0,839 Đường ABC,Quận 2,Cần Thơ,12485000
ORD-3132,CUS-1002,PRD-2035,2023-11-10,2023-11-15,5,464000,2320000,VND,completed,"{""street"": ""833 Đường ABC"", ""district"": ""Quận 1"", ""city"": ""Hải Phòng""}",5.0,833 Đường ABC,Quận 1,Hải Phòng,2204000
ORD-3133,CUS-1069,PRD-2010,2023-10-03,2023-10-10,2,2497000,4994000,VND,completed,"{""street"": ""578 Đường ABC"", ""district"": ""Quận 8"", ""city"": ""Đà Nẵng""}",15.0,578 Đường ABC,Quận 8,Đà Nẵng,4244900
ORD-3134,CUS-1098,PRD-2036,2023-11-20,2023-12-02,4,-140000,-560000,VND,cancelled,"{""street"": ""161 Đường ABC"", ""district"": ""Quận 12"", ""city"": ""Đà Nẵng""}",5.0,161 Đường ABC,Quận 12,Đà Nẵng,-532000
ORD-3135,CUS-1138,PRD-2040,2023-04-21,2023-05-03,5,279000,1395000,VND,pending,"{""street"": ""505 Đường ABC"", ""district"": ""Quận 7"", ""city"": ""Cần Thơ""}",15.0,505 Đường ABC,Quận 7,Cần Thơ,1185800
ORD-3136,CUS-1109,PRD-2050,2023-09-08,2023-09-20,2,773000,1546000,VND,completed,"{""street"": ""134 Đường ABC"", ""district"": ""Quận 6"", ""city"": ""Hồ Chí Minh""}",15.0,134 Đường ABC,Quận 6,Hồ Chí Minh,1314100
ORD-3137,CUS-1066,PRD-2025,2023-01-20,2023-01-21,2,1283000,2566000,VND,pending,"{""street"": ""116 Đường ABC"", ""district"": ""Quận 2"", ""city"": ""Hồ Chí Minh""}",0.0,116 Đường ABC,Quận 2,Hồ Chí Minh,2566000
ORD-3138,CUS-1017,PRD-2030,2023-11-26,2023-12-02,5,138000,690000,VND,completed,"{""street"": ""24 Đường ABC"", ""district"": ""Quận 1"", ""city"": ""Cần Thơ""}",0.0,24 Đường ABC,Quận 1,Cần Thơ,690000
ORD-3139,CUS-1142,PRD-2036,2023-07-10,2023-07-19,5,-140000,-630000,VND,completed,"{""street"": ""401 Đường ABC"", ""district"": ""Quận 12"", ""city"": ""Hải Phòng""}",0.0,401 Đường ABC,Quận 12,Hải Phòng,-630000
ORD-3140,CUS-1101,PRD-2009,2023-10-05,2023-10-14,3,2356000,7068000,VND,completed,"{""street"": ""813 Đường ABC"", ""district"": ""Quận 11"", ""city"": ""Hải Phòng""}",0.0,813 Đường ABC,Quận 11,Hải Phòng,7068000
ORD-3141,CUS-1025,PRD-2001,2023-06-16,2023-06-29,4,160000,640000,VND,completed,"{""street"": ""780 Đường ABC"", ""district"": ""Quận 10"", ""city"": ""Cần Thơ""}",0.0,780 Đường ABC,Quận 10,Cần Thơ,640000
ORD-3142,CUS-1111,PRD-2015,2023-03-13,2023-03-15,5,160000,800000,VND,completed,"{""street"": ""469 Đường ABC"", ""district"": ""Quận 8"", ""city"": ""Hồ Chí Minh""}",10.0,469 Đường ABC,Quận 8,Hồ Chí Minh,720000
ORD-3143,CUS-1126,PRD-2024,2023-11-03,2023-11-17,5,811000,4055000,VND,completed,"{""street"": ""386 Đường ABC"", ""district"": ""Quận 7"", ""city"": ""Đà Nẵng""}",5.0,386 Đường ABC,Quận 7,Đà Nẵng,3852200
ORD-3144,CUS-1112,PRD-2046,2023-01-06,2023-01-12,4,809000,3236000,VND,pending,"{""street"": ""422 Đường ABC"", ""district"": ""Quận 5"", ""city"": ""Hồ Chí Minh""}",0.0,422 Đường ABC,Quận 5,Hồ Chí Minh,3236000
ORD-3145,CUS-1124,PRD-2043,2023-10-08,2023-10-13,2,291000,582000,VND,cancelled,"{""street"": ""641 Đường ABC"", ""district"": ""Quận 12"", ""city"": ""Hồ Chí Minh""}",20.0,641 Đường ABC,Quận 12,Hồ Chí Minh,465600
ORD-3146,CUS-1132,PRD-2042,2023-01-17,2023-01-22,1,158000,158000,VND,returned,"{""street"": ""607 Đường ABC"", ""district"": ""Quận 12"", ""city"": ""Cần Thơ""}",5.0,607 Đường ABC,Quận 12,Cần Thơ,150100
ORD-3147,CUS-1027,PRD-2008,2023-10-28,2023-11-06,4,1328000,5312000,VND,pending,"{""street"": ""811 Đường ABC"", ""district"": ""Quận 12"", ""city"": ""Hồ Chí Minh""}",0.0,811 Đường ABC,Quận 12,Hồ Chí Minh,5312000
ORD-3148,CUS-1054,PRD-2007,2023-12-09,2023-12-04,5,523000,2615000,VND,cancelled,"{""street"": ""633 Đường ABC"", ""district"": ""Quận 3"", ""city"": ""Hồ Chí Minh""}",0.0,633 Đường ABC,Quận 3,Hồ Chí Minh,2615000
ORD-3149,CUS-1050,PRD-2036,2023-12-09,2023-12-12,3,-140000,-420000,VND,completed,"{""street"": ""597 Đường ABC"", ""district"": ""Quận 10"", ""city"": ""Hải Phòng""}",0.0,597 Đường ABC,Quận 10,Hải Phòng,-420000
ORD-3150,CUS-1053,PRD-2050,2023-09-29,2023-09-30,4,773000,3092000,VND,completed,"{""street"": ""154 Đường ABC"", ""district"": ""Quận 12"", ""city"": ""Hải Phòng""}",15.0,154 Đường ABC,Quận 12,Hải Phòng,2628200
ORD-3151,CUS-1070,PRD-2012,2023-03-19,2023-03-26,1,327000,327000,VND,cancelled,"{""street"": ""518 Đường ABC"", ""district"": ""Quận 5"", ""city"": ""Đà Nẵng""}",0.0,518 Đường ABC,Quận 5,Đà Nẵng,327000
ORD-3152,CUS-1121,PRD-2039,2023-03-25,2023-04-08,2,0,0,VND,returned,"{""street"": ""35 Đường ABC"", ""district"": ""Quận 10"", ""city"": ""Hà Nội""}",0.0,35 Đường ABC,Quận 10,Hà Nội,0
ORD-3153,CUS-1112,PRD-2026,2023-01-10,2023-01-21,4,283000,1132000,VND,completed,"{""street"": ""243 Đường ABC"", ""district"": ""Quận 2"", ""city"": ""Đà Nẵng""}",15.0,243 Đường ABC,Quận 2,Đà Nẵng,962200
ORD-3154,CUS-1007,PRD-2015,2023-08-29,2023-08-31,3,160000,480000,VND,returned,"{""street"": ""654 Đường ABC"", ""district"": ""Quận 2"", ""city"": ""Cần Thơ""}",5.0,654 Đường ABC,Quận 2,Cần Thơ,456000
ORD-3155,CUS-1002,PRD-2039,2023-08-29,2023-09-02,2,0,0,VND,completed,"{""street"": ""478 Đường ABC"", ""district"": ""Quận 6"", ""city"": ""Hải Phòng""}",10.0,478 Đường ABC,Quận 6,Hải Phòng,0
ORD-3156,CUS-1150,PRD-2017,2023-10-28,2023-11-11,4,147000,588000,VND,completed,"{""street"": ""662 Đường ABC"", ""district"": ""Quận 2"", ""city"": ""Hà Nội""}",10.0,662 Đường ABC,Quận 2,Hà Nội,529200
ORD-3157,CUS-1114,PRD-2023,2023-11-08,2023-11-21,3,140000,420000,VND,pending,"{""street"": ""152 Đường ABC"", ""district"": ""Quận 5"", ""city"": ""Cần Thơ""}",20.0,152 Đường ABC,Quận 5,Cần Thơ,336000
ORD-3158,CUS-1144,PRD-2030,2023-01-10,2023-01-19,1,138000,138000,VND,pending,"{""street"": ""567 Đường ABC"", ""district"": ""Quận 6"", ""city"": ""Đà Nẵng""}",0.0,567 Đường ABC,Quận 6,Đà Nẵng,138000
ORD-3159,CUS-1008,PRD-2007,2023-02-05,2023-02-07,2,523000,1046000,VND,pending,"{""street"": ""265 Đường ABC"", ""district"": ""Quận 6"", ""city"": ""Hà Nội""}",0.0,265 Đường ABC,Quận 6,Hà Nội,1046000
ORD-3160,CUS-1018,PRD-2038,2023-03-27,2023-03-31,4,779000,3116000,VND,pending,"{""street"": ""828 Đường ABC"", ""district"": ""Quận 1"", ""city"": ""Hải Phòng""}",5.0,828 Đường ABC,Quận 1,Hải Phòng,2960200
ORD-3161,CUS-1116,PRD-2039,2023-02-03,2023-02-05,4,0,0,VND,cancelled,"{""street"": ""975 Đường ABC"", ""district"": ""Quận 2"", ""city"": ""Hà Nội""}",0.0,975 Đường ABC,Quận 2,Hà Nội,0
ORD-3162,CUS-1105,PRD-2015,2023-07-22,2023-07-24,3,160000,480000,VND,completed,"{""street"": ""542 Đường ABC"", ""district"": ""Quận 12"", ""city"": ""Đà Nẵng""}",0.0,542 Đường ABC,Quận 12,Đà Nẵng,480000
ORD-3163,CUS-1082,PRD-2009,2023-09-11,2023-09-12,5,2356000,11780000,VND,pending,"{""street"": ""885 Đường ABC"", ""district"": ""Quận 11"", ""city"": ""Hải Phòng""}",15.0,885 Đường ABC,Quận 11,Hải Phòng,10013000
ORD-3164,CUS-1007,PRD-2005,2023-03-10,2023-03-21,3,465000,1395000,VND,completed,"{""street"": ""706 Đường ABC"", ""district"": ""Quận 4"", ""city"": ""Hải Phòng""}",0.0,706 Đường ABC,Quận 4,Hải Phòng,1395000
ORD-3165,CUS-1030,PRD-2016,2023-11-12,2023-11-26,5,1381000,6905000,VND,pending,"{""street"": ""347 Đường ABC"", ""district"": ""Quận 5"", ""city"": ""Hà Nội""}",5.0,347 Đường ABC,Quận 5,Hà Nội,6559800
ORD-3166,CUS-1018,PRD-2016,2023-03-17,2023-03-23,5,1381000,6905000,VND,completed,"{""street"": ""571 Đường ABC"", ""district"": ""Quận 1"", ""city"": ""Hà Nội""}",0.0,571 Đường ABC,Quận 1,Hà Nội,6905000
ORD-3167,CUS-1144,PRD-2021,2023-10-08,2023-10-17,5,2475000,12375000,VND,pending,"{""street"": ""236 Đường ABC"", ""district"": ""Quận 9"", ""city"": ""Đà Nẵng""}",15.0,236 Đường ABC,Quận 9,Đà Nẵng,10518800
ORD-3168,CUS-1077,PRD-2049,2023-10-13,2023-10-15,3,-109000,-327000,VND,completed,"{""street"": ""237 Đường ABC"", ""district"": ""Quận 4"", ""city"": ""Cần Thơ""}",5.0,237 Đường ABC,Quận 4,Cần Thơ,-310600
ORD-3169,CUS-9438,PRD-2029,2023-03-16,2023-03-19,3,143000,429000,VND,cancelled,"{""street"": ""92 Đường ABC"", ""district"": ""Quận 2"", ""city"": ""Hồ Chí Minh""}",15.0,92 Đường ABC,Quận 2,Hồ Chí Minh,364600
ORD-3170,CUS-1078,PRD-2037,2023-07-26,2023-07-31,2,1314000,2628000,VND,returned,"{""street"": ""325 Đường ABC"", ""district"": ""Quận 9"", ""city"": ""Đà Nẵng""}",5.0,325 Đường ABC,Quận 9,Đà Nẵng,2496600
ORD-3171,CUS-1131,PRD-9896,2023-09-02,2023-09-09,3,298000,894000,VND,cancelled,"{""street"": ""345 Đường ABC"", ""district"": ""Quận 2"", ""city"": ""Hải Phòng""}",0.0,345 Đường ABC,Quận 2,Hải Phòng,894000
ORD-3172,CUS-1092,PRD-2030,2023-03-06,2023-03-15,5,138000,690000,VND,pending,"{""street"": ""940 Đường ABC"", ""district"": ""Quận 12"", ""city"": ""Hà Nội""}",5.0,940 Đường ABC,Quận 12,Hà Nội,655500
ORD-3173,CUS-1128,PRD-2048,2023-01-25,2023-02-04,4,0,0,VND,cancelled,"{""street"": ""605 Đường ABC"", ""district"": ""Quận 12"", ""city"": ""Cần Thơ""}",0.0,605 Đường ABC,Quận 12,Cần Thơ,0
ORD-3174,CUS-1024,PRD-2002,2023-06-11,2023-06-16,1,821000,821000,VND,completed,"{""street"": ""247 Đường ABC"", ""district"": ""Quận 10"", ""city"": ""Hồ Chí Minh""}",20.0,247 Đường ABC,Quận 10,Hồ Chí Minh,656800
ORD-3175,CUS-1034,PRD-2045,2023-06-18,2023-06-21,1,2346000,2346000,VND,completed,"{""street"": ""759 Đường ABC"", ""district"": ""Quận 3"", ""city"": ""Hải Phòng""}",10.0,759 Đường ABC,Quận 3,Hải Phòng,2111400
ORD-3176,CUS-1044,PRD-2032,2023-02-09,2023-02-23,4,487000,1948000,VND,cancelled,"{""street"": ""377 Đường ABC"", ""district"": ""Quận 1"", ""city"": ""Đà Nẵng""}",20.0,377 Đường ABC,Quận 1,Đà Nẵng,1558400
ORD-3177,CUS-1115,PRD-9032,2023-10-17,2023-10-27,2,465000,930000,VND,completed,"{""street"": ""909 Đường ABC"", ""district"": ""Quận 1"", ""city"": ""Hải Phòng""}",0.0,909 Đường ABC,Quận 1,Hải Phòng,930000
ORD-3178,CUS-1086,PRD-2038,2023-06-18,2023-06-24,4,779000,3116000,VND,cancelled,"{""street"": ""483 Đường ABC"", ""district"": ""Quận 1"", ""city"": ""Hải Phòng""}",10.0,483 Đường ABC,Quận 1,Hải Phòng,2804400
ORD-3180,CUS-1001,PRD-2027,2023-11-15,2023-11-20,5,879000,4395000,VND,pending,"{""street"": ""957 Đường ABC"", ""district"": ""Quận 3"", ""city"": ""Hải Phòng""}",0.0,957 Đường ABC,Quận 3,Hải Phòng,4395000
ORD-3182,CUS-1141,PRD-2027,2023-04-17,2023-04-28,1,879000,879000,VND,returned,"{""street"": ""743 Đường ABC"", ""district"": ""Quận 9"", ""city"": ""Hà Nội""}",0.0,743 Đường ABC,Quận 9,Hà Nội,879000
ORD-3183,CUS-1078,PRD-2021,2023-02-18,2023-02-22,1,2475000,2475000,VND,completed,"{""street"": ""560 Đường ABC"", ""district"": ""Quận 10"", ""city"": ""Hải Phòng""}",0.0,560 Đường ABC,Quận 10,Hải Phòng,2475000
ORD-3184,CUS-1042,PRD-2035,2023-02-24,2023-03-06,3,464000,1392000,VND,cancelled,"{""street"": ""566 Đường ABC"", ""district"": ""Quận 11"", ""city"": ""Đà Nẵng""}",5.0,566 Đường ABC,Quận 11,Đà Nẵng,1322400
ORD-3185,CUS-1013,PRD-2003,2023-03-24,2023-04-05,2,802000,1604000,VND,completed,"{""street"": ""558 Đường ABC"", ""district"": ""Quận 4"", ""city"": ""Hà Nội""}",0.0,558 Đường ABC,Quận 4,Hà Nội,1604000
ORD-3186,CUS-1052,PRD-2040,2023-05-22,2023-05-23,1,279000,279000,VND,cancelled,"{""street"": ""621 Đường ABC"", ""district"": ""Quận 1"", ""city"": ""Hà Nội""}",0.0,621 Đường ABC,Quận 1,Hà Nội,279000
ORD-3187,CUS-1086,PRD-2046,2023-05-26,2023-06-04,3,809000,2427000,VND,returned,"{""street"": ""831 Đường ABC"", ""district"": ""Quận 8"", ""city"": ""Hồ Chí Minh""}",10.0,831 Đường ABC,Quận 8,Hồ Chí Minh,2184300
ORD-3188,CUS-1069,PRD-2035,2023-12-18,2023-12-21,3,464000,1392000,VND,completed,"{""street"": ""371 Đường ABC"", ""district"": ""Quận 4"", ""city"": ""Đà Nẵng""}",5.0,371 Đường ABC,Quận 4,Đà Nẵng,1322400
ORD-3189,CUS-1056,PRD-2020,2023-02-13,2023-02-27,4,477000,1908000,VND,completed,"{""street"": ""626 Đường ABC"", ""district"": ""Quận 5"", ""city"": ""Cần Thơ""}",0.0,626 Đường ABC,Quận 5,Cần Thơ,1908000
ORD-3191,CUS-1001,PRD-2028,2023-12-03,2023-12-10,1,140000,140000,VND,pending,"{""street"": ""233 Đường ABC"", ""district"": ""Quận 8"", ""city"": ""Hải Phòng""}",20.0,233 Đường ABC,Quận 8,Hải Phòng,112000
ORD-3192,CUS-1052,PRD-2044,2023-10-03,2023-10-13,5,142000,710000,VND,returned,"{""street"": ""388 Đường ABC"", ""district"": ""Quận 5"", ""city"": ""Cần Thơ""}",15.0,388 Đường ABC,Quận 5,Cần Thơ,603500
ORD-3193,CUS-1093,PRD-2041,2023-11-02,2023-11-15,2,150000,300000,VND,pending,"{""street"": ""335 Đường ABC"", ""district"": ""Quận 10"", ""city"": ""Cần Thơ""}",0.0,335 Đường ABC,Quận 10,Cần Thơ,300000
ORD-3194,CUS-1109,PRD-2040,2023-01-01,2023-01-10,4,279000,1116000,VND,completed,"{""street"": ""188 Đường ABC"", ""district"": ""Quận 9"", ""city"": ""Hải Phòng""}",10.0,188 Đường ABC,Quận 9,Hải Phòng,1004400
ORD-3195,CUS-1125,PRD-2008,2023-10-04,2023-10-07,5,1328000,6640000,VND,completed,"{""street"": ""583 Đường ABC"", ""district"": ""Quận 8"", ""city"": ""Đà Nẵng""",15.0,583 Đường ABC,Quận 8,Đà Nẵng,5644000
ORD-3196,CUS-1141,PRD-2049,2023-12-31,2024-01-09,4,-109000,-436000,VND,cancelled,"{""street"": ""303 Đường ABC"", ""district"": ""Quận 3"", ""city"": ""Hà Nội""}",0.0,303 Đường ABC,Quận 3,Hà Nội,-436000
ORD-3198,CUS-1115,PRD-2048,2023-05-31,2023-06-14,4,0,0,VND,cancelled,"{""street"": ""807 Đường ABC"", ""district"": ""Quận 10"", ""city"": ""Đà Nẵng""}",15.0,807 Đường ABC,Quận 10,Đà Nẵng,0
ORD-3199,CUS-1048,PRD-2002,2023-11-19,2023-11-27,2,821000,1642000,VND,pending,"{""street"": ""674 Đường ABC"", ""district"": ""Quận 11"", ""city"": ""Hải Phòng""}",5.0,674 Đường ABC,Quận 11,Hải Phòng,1559900
ORD-3200,CUS-1058,PRD-2048,2023-06-08,2023-06-16,2,0,0,VND,completed,"{""street"": ""446 Đường ABC"", ""district"": ""Quận 10"", ""city"": ""Hải Phòng""}",0.0,446 Đường ABC,Quận 10,Hải Phòng,0
ORD-3201,CUS-1074,PRD-2050,2023-12-15,2023-12-16,3,773000,2319000,VND,pending,"{""street"": ""745 Đường ABC"", ""district"": ""Quận 1"", ""city"": ""Đà Nẵng""}",20.0,745 Đường ABC,Quận 1,Đà Nẵng,1855200
ORD-3202,CUS-1042,PRD-2041,2023-04-02,2023-04-07,2,150000,300000,VND,cancelled,"{""street"": ""330 Đường ABC"", ""district"": ""Quận 4"", ""city"": ""Cần Thơ""}",0.0,330 Đường ABC,Quận 4,Cần Thơ,300000
ORD-3203,CUS-1041,PRD-2035,2023-12-11,2023-12-12,2,464000,928000,VND,pending,"{""street"": ""352 Đường ABC"", ""district"": ""Quận 12"", ""city"": ""Cần Thơ""}",15.0,352 Đường ABC,Quận 12,Cần Thơ,788800
ORD-3204,CUS-1044,PRD-2027,2023-09-24,2023-10-03,4,879000,3516000,VND,completed,"{""street"": ""241 Đường ABC"", ""district"": ""Quận 4"", ""city"": ""Hải Phòng""}",0.0,241 Đường ABC,Quận 4,Hải Phòng,3516000
ORD-3205,CUS-1059,PRD-2033,2023-12-04,2023-12-06,5,1212000,6060000,VND,returned,"{""street"": ""78 Đường ABC"", ""district"": ""Quận 6"", ""city"": ""Hồ Chí Minh""}",5.0,78 Đường ABC,Quận 6,Hồ Chí Minh,5757000
ORD-3206,CUS-1047,PRD-2038,2023-03-30,2023-04-04,2,779000,1558000,VND,pending,"{""street"": ""355 Đường ABC"", ""district"": ""Quận 4"", ""city"": ""Hải Phòng""}",5.0,355 Đường ABC,Quận 4,Hải Phòng,1480100
ORD-3207,CUS-1058,PRD-2019,2023-12-12,2023-12-18,4,140000,560000,VND,completed,"{""street"": ""910 Đường ABC"", ""district"": ""Quận 6"", ""city"": ""Hải Phòng""",0.0,910 Đường ABC,Quận 6,Hải Phòng,560000
ORD-3208,CUS-1095,PRD-2015,2023-11-12,2023-11-25,4,160000,640000,VND,returned,"{""street"": ""377 Đường ABC"", ""district"": ""Quận 7"", ""city"": ""Hà Nội""}",15.0,377 Đường ABC,Quận 7,Hà Nội,544000
ORD-3209,CUS-1103,PRD-2014,2023-03-05,2023-03-17,5,103000,515000,VND,completed,"{""street"": ""319 Đường ABC"", ""district"": ""Quận 3"", ""city"": ""Hồ Chí Minh""}",15.0,319 Đường ABC,Quận 3,Hồ Chí Minh,437800
ORD-3210,CUS-1030,PRD-2043,2023-01-22,2023-02-04,1,291000,291000,VND,completed,"{""street"": ""982 Đường ABC"", ""district"": ""Quận 4"", ""city"": ""Cần Thơ""}",20.0,982 Đường ABC,Quận 4,Cần Thơ,232800
ORD-3211,CUS-1012,PRD-2011,2023-06-08,2023-06-19,5,142000,710000,VND,pending,"{""street"": ""320 Đường ABC"", ""district"": ""Quận 2"", ""city"": ""Hải Phòng""}",0.0,320 Đường ABC,Quận 2,Hải Phòng,710000
ORD-3212,CUS-1136,PRD-2020,2023-07-02,2023-07-11,1,477000,477000,VND,completed,,0.0,Không xác định,Không xác định,Không xác định,477000
ORD-3213,CUS-1073,PRD-2024,2023-02-14,2023-02-25,4,811000,3244000,VND,completed,"{""street"": ""269 Đường ABC"", ""district"": ""Quận 1"", ""city"": ""Hải Phòng""}",15.0,269 Đường ABC,Quận 1,Hải Phòng,2757400
ORD-3214,CUS-1039,PRD-2010,2023-09-02,2023-09-11,5,2497000,12485000,VND,cancelled,"{""street"": ""329 Đường ABC"", ""district"": ""Quận 1"", ""city"": ""Hồ Chí Minh""}",0.0,329 Đường ABC,Quận 1,Hồ Chí Minh,12485000
ORD-3215,CUS-1028,PRD-2024,2023-04-10,2023-04-20,1,811000,811000,VND,cancelled,"{""street"": ""836 Đường ABC"", ""district"": ""Quận 5"", ""city"": ""Cần Thơ""}",0.0,836 Đường ABC,Quận 5,Cần Thơ,811000
ORD-3216,CUS-1135,PRD-2006,2023-08-14,2023-08-27,5,1293000,6465000,VND,completed,"{""street"": ""98 Đường ABC"", ""district"": ""Quận 8"", ""city"": ""Hà Nội""}",15.0,98 Đường ABC,Quận 8,Hà Nội,5495200
ORD-3217,CUS-1092,PRD-2002,2023-10-08,2023-10-21,1,821000,821000,VND,cancelled,"{""street"": ""738 Đường ABC"", ""district"": ""Quận 5"", ""city"": ""Đà Nẵng""}",15.0,738 Đường ABC,Quận 5,Đà Nẵng,697800
ORD-3218,CUS-1113,PRD-2026,2023-05-30,2023-06-07,2,283000,566000,VND,cancelled,"{""street"": ""854 Đường ABC"", ""district"": ""Quận 9"", ""city"": ""Hải Phòng""}",10.0,854 Đường ABC,Quận 9,Hải Phòng,509400
ORD-3219,CUS-1025,PRD-2029,2023-05-15,2023-05-25,4,143000,572000,VND,returned,"{""street"": ""63 Đường ABC"", ""district"": ""Quận 10"", ""city"": ""Hồ Chí Minh""}",5.0,63 Đường ABC,Quận 10,Hồ Chí Minh,543400
ORD-3220,CUS-1123,PRD-2027,2023-11-30,2023-12-06,1,879000,879000,VND,cancelled,"{""street"": ""819 Đường ABC"", ""district"": ""Quận 2"", ""city"": ""Hà Nội""}",20.0,819 Đường ABC,Quận 2,Hà Nội,703200
ORD-3221,CUS-1007,PRD-2017,2023-05-24,2023-06-07,4,147000,588000,VND,cancelled,"{""street"": ""247 Đường ABC"", ""district"": ""Quận 11"", ""city"": ""Hải Phòng""}",0.0,247 Đường ABC,Quận 11,Hải Phòng,588000
ORD-3222,CUS-1024,PRD-2020,2023-05-29,2023-05-30,2,477000,954000,VND,cancelled,"{""street"": ""511 Đường ABC"", ""district"": ""Quận 3"", ""city"": ""Hải Phòng""}",10.0,511 Đường ABC,Quận 3,Hải Phòng,858600
ORD-3223,CUS-1038,PRD-2047,2023-07-24,2023-08-02,2,293000,586000,VND,completed,"{""street"": ""946 Đường ABC"", ""district"": ""Quận 11"", ""city"": ""Hải Phòng""}",15.0,946 Đường ABC,Quận 11,Hải Phòng,498100
ORD-3224,CUS-1008,PRD-2040,2023-10-31,2023-11-09,3,279000,837000,VND,completed,"{""street"": ""327 Đường ABC"", ""district"": ""Quận 4"", ""city"": ""Hồ Chí Minh""}",0.0,327 Đường ABC,Quận 4,Hồ Chí Minh,837000
ORD-3225,CUS-1099,PRD-2003,2023-10-15,2023-10-16,1,802000,802000,VND,completed,,5.0,Không xác định,Không xác định,Không xác định,761900
ORD-3226,CUS-1141,PRD-2040,2023-09-03,2023-09-15,5,279000,1395000,VND,completed,"{""street"": ""363 Đường ABC"", ""district"": ""Quận 10"", ""city"": ""Hải Phòng""}",0.0,363 Đường ABC,Quận 10,Hải Phòng,1395000
ORD-3227,CUS-1068,PRD-2007,2023-09-11,2023-09-21,3,523000,1569000,VND,returned,"{""street"": ""132 Đường ABC"", ""district"": ""Quận 2"", ""city"": ""Đà Nẵng""}",0.0,132 Đường ABC,Quận 2,Đà Nẵng,1569000
ORD-3228,CUS-1053,PRD-2037,2023-01-13,2023-01-15,2,1314000,2628000,VND,completed,"{""street"": ""420 Đường ABC"", ""district"": ""Quận 8"", ""city"": ""Hải Phòng""}",20.0,420 Đường ABC,Quận 8,Hải Phòng,2102400
ORD-3229,CUS-1099,PRD-2034,2023-12-02,2023-12-06,3,2378000,7134000,VND,completed,"{""street"": ""722 Đường ABC"", ""district"": ""Quận 9"", ""city"": ""Hải Phòng""}",0.0,722 Đường ABC,Quận 9,Hải Phòng,7134000
ORD-3230,CUS-1011,PRD-9805,2023-10-12,2023-10-17,2,-109000,-218000,VND,returned,"{""street"": ""91 Đường ABC"", ""district"": ""Quận 5"", ""city"": ""Hải Phòng""}",0.0,91 Đường ABC,Quận 5,Hải Phòng,-218000
ORD-3231,CUS-1132,PRD-2012,2023-08-13,2023-08-19,4,327000,1308000,VND,returned,"{""street"": ""396 Đường ABC"", ""district"": ""Quận 4"", ""city"": ""Hồ Chí Minh""}",0.0,396 Đường ABC,Quận 4,Hồ Chí Minh,1308000
ORD-3232,CUS-1079,PRD-2022,2023-07-20,2023-07-22,1,92000,92000,VND,pending,"{""street"": ""177 Đường ABC"", ""district"": ""Quận 11"", ""city"": ""Hải Phòng""}",0.0,177 Đường ABC,Quận 11,Hải Phòng,92000
ORD-3233,CUS-9984,PRD-2006,2023-12-24,2024-01-04,2,1293000,2586000,VND,cancelled,"{""street"": ""787 Đường ABC"", ""district"": ""Quận 1"", ""city"": ""Hồ Chí Minh""}",15.0,787 Đường ABC,Quận 1,Hồ Chí Minh,2198100
ORD-3234,CUS-1044,PRD-2037,2023-08-15,2023-08-16,2,1314000,2628000,VND,completed,"{""street"": ""969 Đường ABC"", ""district"": ""Quận 1"", ""city"": ""Cần Thơ""}",0.0,969 Đường ABC,Quận 1,Cần Thơ,2628000
ORD-3235,CUS-1052,PRD-2021,2023-08-25,2023-08-30,1,2475000,2475000,VND,completed,"{""street"": ""651 Đường ABC"", ""district"": ""Quận 10"", ""city"": ""Hải Phòng""}",0.0,651 Đường ABC,Quận 10,Hải Phòng,2475000
ORD-3236,CUS-1066,PRD-2013,2023-08-01,2023-08-14,3,99000,297000,VND,completed,"{""street"": ""748 Đường ABC"", ""district"": ""Quận 4"", ""city"": ""Cần Thơ""}",0.0,748 Đường ABC,Quận 4,Cần Thơ,297000
ORD-3237,CUS-1068,PRD-2049,2023-04-16,2023-04-18,3,-109000,-13,VND,cancelled,"{""street"": ""646 Đường ABC"", ""district"": ""Quận 9"", ""city"": ""Hải Phòng""}",5.0,646 Đường ABC,Quận 9,Hải Phòng,0
ORD-3238,CUS-1110,PRD-2031,2023-10-29,2023-11-10,5,833000,4165000,VND,cancelled,"{""street"": ""404 Đường ABC"", ""district"": ""Quận 4"", ""city"": ""Hải Phòng""}",0.0,404 Đường ABC,Quận 4,Hải Phòng,4165000
ORD-3239,CUS-1025,PRD-2009,2023-12-14,2023-12-26,5,2356000,11780000,VND,completed,"{""street"": ""945 Đường ABC"", ""district"": ""Quận 5"", ""city"": ""Đà Nẵng""}",0.0,945 Đường ABC,Quận 5,Đà Nẵng,11780000
ORD-3240,CUS-1085,PRD-2026,2023-07-18,2023-07-21,3,283000,849000,VND,returned,"{""street"": ""505 Đường ABC"", ""district"": ""Quận 3"", ""city"": ""Cần Thơ""",0.0,505 Đường ABC,Quận 3,Cần Thơ,849000
ORD-3241,CUS-1098,PRD-2038,2023-10-21,2023-11-02,3,779000,2337000,VND,completed,"{""street"": ""291 Đường ABC"", ""district"": ""Quận 6"", ""city"": ""Đà Nẵng""}",0.0,291 Đường ABC,Quận 6,Đà Nẵng,2337000
ORD-3242,CUS-1114,PRD-2040,2023-03-01,2023-03-06,3,279000,837000,VND,completed,"{""street"": ""660 Đường ABC"", ""district"": ""Quận 2"", ""city"": ""Hải Phòng""}",0.0,660 Đường ABC,Quận 2,Hải Phòng,837000
ORD-3243,CUS-1036,PRD-2028,2023-09-20,2023-09-22,3,140000,420000,VND,completed,"{""street"": ""352 Đường ABC"", ""district"": ""Quận 10"", ""city"": ""Hồ Chí Minh""}",0.0,352 Đường ABC,Quận 10,Hồ Chí Minh,420000
ORD-3244,CUS-1042,PRD-2021,2023-12-24,2023-12-29,3,2475000,7425000,VND,returned,"{""street"": ""996 Đường ABC"", ""district"": ""Quận 4"", ""city"": ""Hà Nội""}",0.0,996 Đường ABC,Quận 4,Hà Nội,7425000
ORD-3245,CUS-1078,PRD-2028,2023-01-13,2023-01-18,5,140000,700000,VND,pending,"{""street"": ""4 Đường ABC"", ""district"": ""Quận 2"", ""city"": ""Hồ Chí Minh""}",20.0,4 Đường ABC,Quận 2,Hồ Chí Minh,560000
ORD-3246,CUS-1071,PRD-9783,2023-07-13,2023-07-15,5,2356000,11780000,VND,completed,"{""street"": ""343 Đường ABC"", ""district"": ""Quận 8"", ""city"": ""Hồ Chí Minh""}",15.0,343 Đường ABC,Quận 8,Hồ Chí Minh,10013000
ORD-3247,CUS-1036,PRD-9274,2023-01-22,2023-01-27,5,327000,1635000,VND,completed,"{""street"": ""849 Đường ABC"", ""district"": ""Quận 3"", ""city"": ""Đà Nẵng""}",0.0,849 Đường ABC,Quận 3,Đà Nẵng,1635000
ORD-3248,CUS-1071,PRD-2009,2023-03-30,2023-03-31,4,2356000,9424000,VND,returned,"{""street"": ""176 Đường ABC"", ""district"": ""Quận 8"", ""city"": ""Đà Nẵng""}",5.0,176 Đường ABC,Quận 8,Đà Nẵng,8952800
ORD-3249,CUS-1078,PRD-2025,2023-09-18,2023-09-23,5,1283000,6415000,VND,completed,"{""street"": ""272 Đường ABC"", ""district"": ""Quận 1"", ""city"": ""Cần Thơ""}",5.0,272 Đường ABC,Quận 1,Cần Thơ,6094200
ORD-3250,CUS-1142,PRD-9207,2023-11-15,2023-11-28,5,464000,2320000,VND,returned,,0.0,Không xác định,Không xác định,Không xác định,2320000
ORD-3251,CUS-9545,PRD-2004,2023-05-08,2023-05-13,1,280000,280000,VND,pending,"{""street"": ""989 Đường ABC"", ""district"": ""Quận 11"", ""city"": ""Cần Thơ""}",0.0,989 Đường ABC,Quận 11,Cần Thơ,280000
ORD-3252,CUS-1031,PRD-2038,2023-12-22,2023-12-23,3,779000,2337000,VND,completed,"{""street"": ""430 Đường ABC"", ""district"": ""Quận 9"", ""city"": ""Đà Nẵng""}",5.0,430 Đường ABC,Quận 9,Đà Nẵng,2220200
ORD-3253,CUS-1005,PRD-2024,2023-03-03,2023-03-13,4,811000,3244000,VND,pending,"{""street"": ""794 Đường ABC"", ""district"": ""Quận 11"", ""city"": ""Đà Nẵng""}",10.0,794 Đường ABC,Quận 11,Đà Nẵng,2919600
ORD-3254,CUS-1020,PRD-2041,2023-08-24,2023-08-31,2,150000,300000,VND,returned,"{""street"": ""7 Đường ABC"", ""district"": ""Quận 5"", ""city"": ""Hải Phòng""}",0.0,7 Đường ABC,Quận 5,Hải Phòng,300000
ORD-3255,CUS-1035,PRD-2014,2023-11-28,2023-12-11,2,103000,206000,VND,pending,,10.0,Không xác định,Không xác định,Không xác định,185400
ORD-3256,CUS-1150,PRD-2028,2023-04-18,2023-04-26,4,140000,560000,VND,returned,"{""street"": ""328 Đường ABC"", ""district"": ""Quận 7"", ""city"": ""Hồ Chí Minh""}",0.0,328 Đường ABC,Quận 7,Hồ Chí Minh,560000
ORD-3257,CUS-9873,PRD-2034,2023-09-21,2023-09-23,5,2378000,11890000,VND,completed,"{""street"": ""606 Đường ABC"", ""district"": ""Quận 7"", ""city"": ""Hà Nội""}",0.0,606 Đường ABC,Quận 7,Hà Nội,11890000
ORD-3258,CUS-1043,PRD-2049,2023-09-12,2023-09-21,5,-109000,-545000,VND,returned,"{""street"": ""139 Đường ABC"", ""district"": ""Quận 7"", ""city"": ""Hồ Chí Minh""}",5.0,139 Đường ABC,Quận 7,Hồ Chí Minh,-517800
ORD-3259,CUS-1144,PRD-9874,2023-02-11,2023-02-24,2,821000,1642000,VND,cancelled,"{""street"": ""962 Đường ABC"", ""district"": ""Quận 10"", ""city"": ""Hà Nội""}",0.0,962 Đường ABC,Quận 10,Hà Nội,1642000
ORD-3260,CUS-1134,PRD-2033,2023-03-22,2023-04-01,3,1212000,3636000,VND,completed,"{""street"": ""182 Đường ABC"", ""district"": ""Quận 8"", ""city"": ""Hồ Chí Minh""}",0.0,182 Đường ABC,Quận 8,Hồ Chí Minh,3636000
ORD-3261,CUS-1015,PRD-2017,2023-05-15,2023-05-24,3,147000,441000,VND,completed,"{""street"": ""680 Đường ABC"", ""district"": ""Quận 4"", ""city"": ""Cần Thơ""}",10.0,680 Đường ABC,Quận 4,Cần Thơ,396900
ORD-3262,CUS-1029,PRD-2040,2023-12-31,2024-01-09,2,279000,558000,VND,cancelled,"{""street"": ""900 Đường ABC"", ""district"": ""Quận 11"", ""city"": ""Đà Nẵng""}",0.0,900 Đường ABC,Quận 11,Đà Nẵng,558000
ORD-3263,CUS-1055,PRD-2037,2023-11-25,2023-11-30,3,1314000,3942000,VND,completed,"{""street"": ""735 Đường ABC"", ""district"": ""Quận 8"", ""city"": ""Cần Thơ""",0.0,735 Đường ABC,Quận 8,Cần Thơ,3942000
ORD-3264,CUS-1138,PRD-2009,2023-05-28,2023-05-31,4,2356000,9424000,VND,pending,"{""street"": ""554 Đường ABC"", ""district"": ""Quận 9"", ""city"": ""Cần Thơ""}",10.0,554 Đường ABC,Quận 9,Cần Thơ,8481600
ORD-3265,CUS-1069,PRD-2004,2023-08-08,2023-08-10,2,280000,560000,VND,pending,"{""street"": ""554 Đường ABC"", ""district"": ""Quận 4"", ""city"": ""Cần Thơ""",5.0,554 Đường ABC,Quận 4,Cần Thơ,532000
ORD-3266,CUS-1116,PRD-2015,2023-04-13,2023-04-18,4,160000,640000,VND,completed,"{""street"": ""764 Đường ABC"", ""district"": ""Quận 9"", ""city"": ""Cần Thơ""}",5.0,764 Đường ABC,Quận 9,Cần Thơ,608000
ORD-3267,CUS-1129,PRD-2047,2023-07-24,2023-08-07,2,293000,586000,VND,completed,"{""street"": ""239 Đường ABC"", ""district"": ""Quận 2"", ""city"": ""Hồ Chí Minh""}",0.0,239 Đường ABC,Quận 2,Hồ Chí Minh,586000
ORD-3268,CUS-1076,PRD-2038,2023-04-25,2023-04-29,2,779000,1558000,VND,cancelled,"{""street"": ""477 Đường ABC"", ""district"": ""Quận 5"", ""city"": ""Cần Thơ""}",0.0,477 Đường ABC,Quận 5,Cần Thơ,1558000
ORD-3269,CUS-1119,PRD-2003,2023-06-08,2023-06-14,2,802000,1604000,VND,cancelled,"{""street"": ""414 Đường ABC"", ""district"": ""Quận 9"", ""city"": ""Hải Phòng""}",10.0,414 Đường ABC,Quận 9,Hải Phòng,1443600
ORD-3270,CUS-1142,PRD-2024,2023-05-23,2023-06-05,4,811000,3244000,VND,completed,"{""street"": ""389 Đường ABC"", ""district"": ""Quận 3"", ""city"": ""Hải Phòng""}",10.0,389 Đường ABC,Quận 3,Hải Phòng,2919600
ORD-3271,CUS-1092,PRD-2004,2023-11-06,2023-11-16,3,280000,840000,VND,returned,"{""street"": ""482 Đường ABC"", ""district"": ""Quận 4"", ""city"": ""Hải Phòng""}",20.0,482 Đường ABC,Quận 4,Hải Phòng,672000
ORD-3272,CUS-1058,PRD-2017,2023-08-23,2023-09-05,1,147000,147000,VND,returned,"{""street"": ""907 Đường ABC"", ""district"": ""Quận 6"", ""city"": ""Cần Thơ""}",10.0,907 Đường ABC,Quận 6,Cần Thơ,132300
ORD-3273,CUS-1049,PRD-2014,2023-09-10,2023-09-13,2,103000,206000,VND,returned,"{""street"": ""33 Đường ABC"", ""district"": ""Quận 10"", ""city"": ""Đà Nẵng""}",0.0,33 Đường ABC,Quận 10,Đà Nẵng,206000
ORD-3275,CUS-1134,PRD-2023,2023-04-03,2023-04-10,4,140000,560000,VND,returned,"{""street"": ""120 Đường ABC"", ""district"": ""Quận 4"", ""city"": ""Hà Nội""}",0.0,120 Đường ABC,Quận 4,Hà Nội,560000
ORD-3276,CUS-1016,PRD-2035,2023-09-01,2023-09-07,2,464000,928000,VND,completed,"{""street"": ""976 Đường ABC"", ""district"": ""Quận 8"", ""city"": ""Cần Thơ""}",15.0,976 Đường ABC,Quận 8,Cần Thơ,788800
ORD-3277,CUS-1118,PRD-2041,2023-02-20,2023-02-25,3,150000,450000,VND,returned,"{""street"": ""125 Đường ABC"", ""district"": ""Quận 6"", ""city"": ""Hồ Chí Minh""}",0.0,125 Đường ABC,Quận 6,Hồ Chí Minh,450000
ORD-3278,CUS-1025,PRD-2045,2023-07-27,2023-08-10,2,2346000,4692000,VND,pending,"{""street"": ""120 Đường ABC"", ""district"": ""Quận 9"", ""city"": ""Hồ Chí Minh""}",0.0,120 Đường ABC,Quận 9,Hồ Chí Minh,4692000
ORD-3279,CUS-1041,PRD-2035,2023-08-28,2023-09-10,2,464000,928000,VND,cancelled,"{""street"": ""736 Đường ABC"", ""district"": ""Quận 3"", ""city"": ""Hải Phòng""}",0.0,736 Đường ABC,Quận 3,Hải Phòng,928000
ORD-3280,CUS-1111,PRD-2025,2023-10-09,2023-10-15,4,1283000,5132000,VND,cancelled,"{""street"": ""298 Đường ABC"", ""district"": ""Quận 1"", ""city"": ""Cần Thơ""}",0.0,298 Đường ABC,Quận 1,Cần Thơ,5132000
ORD-3281,CUS-1006,PRD-2042,2023-05-09,2023-05-10,3,158000,474000,VND,completed,,15.0,Không xác định,Không xác định,Không xác định,402900
ORD-3282,CUS-1122,PRD-2042,2023-12-18,2023-12-27,1,158000,158000,VND,completed,"{""street"": ""738 Đường ABC"", ""district"": ""Quận 7"", ""city"": ""Hồ Chí Minh""}",0.0,738 Đường ABC,Quận 7,Hồ Chí Minh,158000
ORD-3283,CUS-1118,PRD-2036,2023-10-17,2023-10-22,3,-140000,-420000,VND,returned,,0.0,Không xác định,Không xác định,Không xác định,-420000
ORD-3284,CUS-1041,PRD-2020,2023-07-03,2023-07-12,4,477000,1908000,VND,completed,"{""street"": ""303 Đường ABC"", ""district"": ""Quận 12"", ""city"": ""Hải Phòng""}",0.0,303 Đường ABC,Quận 12,Hải Phòng,1908000
ORD-3285,CUS-1092,PRD-2003,2023-10-21,2023-10-29,5,802000,4010000,VND,completed,"{""street"": ""111 Đường ABC"", ""district"": ""Quận 6"", ""city"": ""Cần Thơ""}",0.0,111 Đường ABC,Quận 6,Cần Thơ,4010000
ORD-3286,CUS-1147,PRD-2003,2023-07-27,2023-07-28,1,802000,802000,VND,returned,"{""street"": ""44 Đường ABC"", ""district"": ""Quận 6"", ""city"": ""Hồ Chí Minh""}",20.0,44 Đường ABC,Quận 6,Hồ Chí Minh,641600
ORD-3287,CUS-1069,PRD-2020,2023-09-20,2023-09-24,5,477000,2385000,VND,completed,"{""street"": ""195 Đường ABC"", ""district"": ""Quận 1"", ""city"": ""Hải Phòng""}",0.0,195 Đường ABC,Quận 1,Hải Phòng,2385000
ORD-3288,CUS-1010,PRD-2043,2023-11-12,2023-11-20,5,291000,1455000,VND,completed,"{""street"": ""457 Đường ABC"", ""district"": ""Quận 1"", ""city"": ""Cần Thơ""",15.0,457 Đường ABC,Quận 1,Cần Thơ,1236800
ORD-3289,CUS-1009,PRD-2047,2023-05-09,2023-05-22,4,293000,1172000,VND,cancelled,"{""street"": ""581 Đường ABC"", ""district"": ""Quận 4"", ""city"": ""Đà Nẵng""}",0.0,581 Đường ABC,Quận 4,Đà Nẵng,1172000
ORD-3290,CUS-1122,PRD-2050,2023-05-11,2023-05-25,2,773000,1546000,VND,completed,"{""street"": ""908 Đường ABC"", ""district"": ""Quận 11"", ""city"": ""Đà Nẵng""}",0.0,908 Đường ABC,Quận 11,Đà Nẵng,1546000
ORD-3291,CUS-1049,PRD-2042,2023-12-04,2023-12-11,2,158000,316000,VND,returned,"{""street"": ""918 Đường ABC"", ""district"": ""Quận 9"", ""city"": ""Hà Nội""}",0.0,918 Đường ABC,Quận 9,Hà Nội,316000
ORD-3292,CUS-1126,PRD-2017,2023-10-27,2023-10-30,5,147000,735000,VND,completed,"{""street"": ""378 Đường ABC"", ""district"": ""Quận 8"", ""city"": ""Hồ Chí Minh""}",20.0,378 Đường ABC,Quận 8,Hồ Chí Minh,588000
ORD-3293,CUS-1101,PRD-2004,2023-05-24,2023-05-26,5,280000,1400000,VND,completed,"{""street"": ""288 Đường ABC"", ""district"": ""Quận 12"", ""city"": ""Đà Nẵng""}",10.0,288 Đường ABC,Quận 12,Đà Nẵng,1260000
ORD-3294,CUS-1058,PRD-9140,2023-12-20,2024-01-03,2,1314000,2628000,VND,returned,"{""street"": ""789 Đường ABC"", ""district"": ""Quận 12"", ""city"": ""Hà Nội""}",5.0,789 Đường ABC,Quận 12,Hà Nội,2496600
ORD-3295,CUS-1123,PRD-2039,2023-05-16,2023-05-28,4,0,0,VND,returned,"{""street"": ""570 Đường ABC"", ""district"": ""Quận 1"", ""city"": ""Đà Nẵng""}",0.0,570 Đường ABC,Quận 1,Đà Nẵng,0
ORD-3296,CUS-1084,PRD-2040,2023-10-01,2023-10-10,2,279000,558000,VND,cancelled,"{""street"": ""465 Đường ABC"", ""district"": ""Quận 1"", ""city"": ""Hà Nội""}",0.0,465 Đường ABC,Quận 1,Hà Nội,558000
ORD-3297,CUS-1141,PRD-2023,2023-06-09,2023-06-16,3,140000,420000,VND,returned,"{""street"": ""747 Đường ABC"", ""district"": ""Quận 5"", ""city"": ""Hà Nội""}",0.0,747 Đường ABC,Quận 5,Hà Nội,420000
ORD-3298,CUS-1113,PRD-2005,2023-09-09,2023-09-16,1,465000,465000,VND,cancelled,"{""street"": ""933 Đường ABC"", ""district"": ""Quận 8"", ""city"": ""Cần Thơ""}",0.0,933 Đường ABC,Quận 8,Cần Thơ,465000
ORD-3299,CUS-1024,PRD-2020,2023-06-05,2023-06-17,5,477000,2385000,VND,completed,"{""street"": ""823 Đường ABC"", ""district"": ""Quận 10"", ""city"": ""Đà Nẵng""}",10.0,823 Đường ABC,Quận 10,Đà Nẵng,2146500
ORD-3300,CUS-1061,PRD-2010,2023-09-28,2023-10-04,3,2497000,7491000,VND,completed,"{""street"": ""192 Đường ABC"", ""district"": ""Quận 2"", ""city"": ""Hải Phòng""}",0.0,192 Đường ABC,Quận 2,Hải Phòng,7491000
ORD-3301,CUS-1070,PRD-2001,2023-03-12,2023-03-14,4,160000,640000,VND,completed,"{""street"": ""856 Đường ABC"", ""district"": ""Quận 3"", ""city"": ""Cần Thơ""}",0.0,856 Đường ABC,Quận 3,Cần Thơ,640000
ORD-3302,CUS-9991,PRD-2008,2023-02-22,2023-02-23,5,1328000,6640000,VND,returned,"{""street"": ""380 Đường ABC"", ""district"": ""Quận 12"", ""city"": ""Hồ Chí Minh""}",10.0,380 Đường ABC,Quận 12,Hồ Chí Minh,5976000
ORD-3303,CUS-1098,PRD-2038,2023-05-26,2023-06-01,3,779000,2337000,VND,completed,"{""street"": ""561 Đường ABC"", ""district"": ""Quận 8"", ""city"": ""Hồ Chí Minh""}",10.0,561 Đường ABC,Quận 8,Hồ Chí Minh,2103300
ORD-3304,CUS-1117,PRD-2014,2023-04-15,2023-04-27,1,103000,103000,VND,completed,"{""street"": ""220 Đường ABC"", ""district"": ""Quận 7"", ""city"": ""Hà Nội""}",0.0,220 Đường ABC,Quận 7,Hà Nội,103000
ORD-3306,CUS-1113,PRD-2050,2023-06-15,2023-06-24,5,773000,3865000,VND,completed,"{""street"": ""350 Đường ABC"", ""district"": ""Quận 2"", ""city"": ""Hồ Chí Minh""}",15.0,350 Đường ABC,Quận 2,Hồ Chí Minh,3285200
ORD-3307,CUS-1098,PRD-2011,2023-09-05,2023-09-09,1,142000,142000,VND,pending,"{""street"": ""287 Đường ABC"", ""district"": ""Quận 1"", ""city"": ""Cần Thơ""}",20.0,287 Đường ABC,Quận 1,Cần Thơ,113600
ORD-3308,CUS-9309,PRD-2037,2023-09-01,2023-09-10,3,1314000,3942000,VND,completed,"{""street"": ""547 Đường ABC"", ""district"": ""Quận 5"", ""city"": ""Cần Thơ""}",0.0,547 Đường ABC,Quận 5,Cần Thơ,3942000
ORD-3309,CUS-1015,PRD-2039,2023-06-04,2023-06-13,5,0,0,VND,cancelled,"{""street"": ""21 Đường ABC"", ""district"": ""Quận 8"", ""city"": ""Hồ Chí Minh""}",0.0,21 Đường ABC,Quận 8,Hồ Chí Minh,0
ORD-3310,CUS-1001,PRD-2048,2023-12-07,2023-12-19,2,0,0,VND,completed,"{""street"": ""197 Đường ABC"", ""district"": ""Quận 9"", ""city"": ""Hải Phòng""}",0.0,197 Đường ABC,Quận 9,Hải Phòng,0
ORD-3311,CUS-1029,PRD-2010,2023-09-30,2023-10-05,2,2497000,4994000,VND,cancelled,"{""street"": ""17 Đường ABC"", ""district"": ""Quận 9"", ""city"": ""Hà Nội""}",0.0,17 Đường ABC,Quận 9,Hà Nội,4994000
ORD-3312,CUS-1099,PRD-2015,2023-04-18,2023-05-01,2,160000,320000,VND,returned,"{""street"": ""967 Đường ABC"", ""district"": ""Quận 3"", ""city"": ""Cần Thơ""}",10.0,967 Đường ABC,Quận 3,Cần Thơ,288000
ORD-3313,CUS-1111,PRD-2035,2023-04-29,2023-05-02,1,464000,464000,VND,cancelled,"{""street"": ""550 Đường ABC"", ""district"": ""Quận 12"", ""city"": ""Cần Thơ""}",5.0,550 Đường ABC,Quận 12,Cần Thơ,440800
ORD-3314,CUS-1123,PRD-2024,2023-09-15,2023-09-23,1,811000,811000,VND,completed,"{""street"": ""746 Đường ABC"", ""district"": ""Quận 9"", ""city"": ""Đà Nẵng""}",15.0,746 Đường ABC,Quận 9,Đà Nẵng,689400
ORD-3315,CUS-1046,PRD-2047,2023-01-24,2023-02-01,5,293000,1465000,VND,pending,,5.0,Không xác định,Không xác định,Không xác định,1391800
ORD-3316,CUS-1014,PRD-2028,2023-11-08,2023-11-11,1,140000,140000,VND,returned,"{""street"": ""97 Đường ABC"", ""district"": ""Quận 10"", ""city"": ""Hải Phòng""}",0.0,97 Đường ABC,Quận 10,Hải Phòng,140000
ORD-3317,CUS-1106,PRD-2027,2023-09-17,2023-09-21,1,879000,879000,VND,cancelled,"{""street"": ""824 Đường ABC"", ""district"": ""Quận 11"", ""city"": ""Hà Nội""}",0.0,824 Đường ABC,Quận 11,Hà Nội,879000
ORD-3318,CUS-1125,PRD-2032,2023-05-01,2023-05-04,4,487000,1948000,VND,completed,"{""street"": ""855 Đường ABC"", ""district"": ""Quận 8"", ""city"": ""Cần Thơ""}",15.0,855 Đường ABC,Quận 8,Cần Thơ,1655800
ORD-3319,CUS-1012,PRD-2012,2023-05-10,2023-05-24,5,327000,1635000,VND,completed,"{""street"": ""177 Đường ABC"", ""district"": ""Quận 2"", ""city"": ""Hồ Chí Minh""}",5.0,177 Đường ABC,Quận 2,Hồ Chí Minh,1553200
ORD-3320,CUS-1101,PRD-2037,2023-01-05,2023-01-15,3,1314000,3942000,VND,completed,"{""street"": ""993 Đường ABC"", ""district"": ""Quận 9"", ""city"": ""Hải Phòng""}",20.0,993 Đường ABC,Quận 9,Hải Phòng,3153600
ORD-3321,CUS-1117,PRD-2015,2023-03-25,2023-03-29,3,160000,480000,VND,cancelled,"{""street"": ""185 Đường ABC"", ""district"": ""Quận 4"", ""city"": ""Hải Phòng""}",0.0,185 Đường ABC,Quận 4,Hải Phòng,480000
ORD-3322,CUS-1050,PRD-2045,2023-09-29,2023-10-03,5,2346000,11730000,VND,cancelled,"{""street"": ""918 Đường ABC"", ""district"": ""Quận 12"", ""city"": ""Hồ Chí Minh""}",10.0,918 Đường ABC,Quận 12,Hồ Chí Minh,10557000
ORD-3323,CUS-1001,PRD-2006,2023-06-17,2023-06-27,4,1293000,5172000,VND,completed,,10.0,Không xác định,Không xác định,Không xác định,4654800
ORD-3324,CUS-1078,PRD-2007,2023-11-27,2023-11-22,1,523000,523000,VND,completed,"{""street"": ""787 Đường ABC"", ""district"": ""Quận 3"", ""city"": ""Hà Nội""}",0.0,787 Đường ABC,Quận 3,Hà Nội,523000
ORD-3326,CUS-1047,PRD-2032,2023-03-01,2023-03-12,4,487000,1948000,VND,pending,"{""street"": ""900 Đường ABC"", ""district"": ""Quận 2"", ""city"": ""Hà Nội""}",5.0,900 Đường ABC,Quận 2,Hà Nội,1850600
ORD-3327,CUS-1010,PRD-2012,2023-07-20,2023-08-01,3,327000,981000,VND,completed,"{""street"": ""668 Đường ABC"", ""district"": ""Quận 2"", ""city"": ""Hà Nội""}",0.0,668 Đường ABC,Quận 2,Hà Nội,981000
ORD-3328,CUS-1066,PRD-2008,2023-01-02,2023-01-16,1,1328000,1328000,VND,completed,"{""street"": ""622 Đường ABC"", ""district"": ""Quận 11"", ""city"": ""Hà Nội""}",0.0,622 Đường ABC,Quận 11,Hà Nội,1328000
ORD-3329,CUS-1095,PRD-2010,2023-02-26,2023-03-06,5,2497000,12485000,VND,pending,"{""street"": ""999 Đường ABC"", ""district"": ""Quận 4"", ""city"": ""Đà Nẵng""}",0.0,999 Đường ABC,Quận 4,Đà Nẵng,12485000
ORD-3330,CUS-1020,PRD-2045,2023-10-24,2023-11-04,3,2346000,7038000,VND,completed,"{""street"": ""638 Đường ABC"", ""district"": ""Quận 4"", ""city"": ""Đà Nẵng""}",10.0,638 Đường ABC,Quận 4,Đà Nẵng,6334200
ORD-3331,CUS-1137,PRD-2006,2023-02-17,2023-02-18,3,1293000,3879000,VND,completed,"{""street"": ""297 Đường ABC"", ""district"": ""Quận 8"", ""city"": ""Đà Nẵng""}",0.0,297 Đường ABC,Quận 8,Đà Nẵng,3879000
ORD-3332,CUS-1150,PRD-2040,2023-04-20,2023-04-22,2,279000,558000,VND,cancelled,"{""street"": ""529 Đường ABC"", ""district"": ""Quận 3"", ""city"": ""Đà Nẵng""}",0.0,529 Đường ABC,Quận 3,Đà Nẵng,558000
ORD-3333,CUS-1123,PRD-2037,2023-12-16,2023-12-30,3,1314000,3942000,VND,completed,"{""street"": ""614 Đường ABC"", ""district"": ""Quận 2"", ""city"": ""Hồ Chí Minh""",15.0,614 Đường ABC,Quận 2,Hồ Chí Minh,3350700
ORD-3334,CUS-1105,PRD-2017,2023-03-06,2023-03-09,4,147000,588000,VND,returned,"{""street"": ""601 Đường ABC"", ""district"": ""Quận 3"", ""city"": ""Hải Phòng""}",20.0,601 Đường ABC,Quận 3,Hải Phòng,470400
ORD-3335,CUS-1116,PRD-2020,2023-12-24,2023-12-27,1,477000,477000,VND,pending,"{""street"": ""630 Đường ABC"", ""district"": ""Quận 6"", ""city"": ""Hải Phòng""}",0.0,630 Đường ABC,Quận 6,Hải Phòng,477000
ORD-3336,CUS-1125,PRD-2033,2023-08-02,2023-08-16,5,1212000,6060000,VND,completed,"{""street"": ""530 Đường ABC"", ""district"": ""Quận 10"", ""city"": ""Hà Nội""}",20.0,530 Đường ABC,Quận 10,Hà Nội,4848000
ORD-3337,CUS-1148,PRD-2008,2023-12-20,2024-01-01,5,1328000,6640000,VND,cancelled,"{""street"": ""652 Đường ABC"", ""district"": ""Quận 12"", ""city"": ""Hải Phòng""}",0.0,652 Đường ABC,Quận 12,Hải Phòng,6640000
ORD-3338,CUS-1012,PRD-2008,2023-10-12,2023-10-19,5,1328000,6640000,VND,cancelled,"{""street"": ""960 Đường ABC"", ""district"": ""Quận 11"", ""city"": ""Hồ Chí Minh""}",0.0,960 Đường ABC,Quận 11,Hồ Chí Minh,6640000
ORD-3339,CUS-1033,PRD-2046,2023-02-14,2023-02-24,3,809000,2427000,VND,returned,"{""street"": ""640 Đường ABC"", ""district"": ""Quận 11"", ""city"": ""Hà Nội""}",0.0,640 Đường ABC,Quận 11,Hà Nội,2427000
ORD-3340,CUS-1074,PRD-2043,2023-07-30,2023-08-13,1,291000,291000,VND,pending,"{""street"": ""661 Đường ABC"", ""district"": ""Quận 9"", ""city"": ""Cần Thơ""}",20.0,661 Đường ABC,Quận 9,Cần Thơ,232800
ORD-3341,CUS-1037,PRD-2042,2023-12-16,2023-12-29,3,158000,474000,VND,pending,"{""street"": ""74 Đường ABC"", ""district"": ""Quận 10"", ""city"": ""Hồ Chí Minh""}",5.0,74 Đường ABC,Quận 10,Hồ Chí Minh,450300
ORD-3342,CUS-1035,PRD-2019,2023-06-25,2023-07-08,5,140000,700000,VND,completed,"{""street"": ""747 Đường ABC"", ""district"": ""Quận 10"", ""city"": ""Đà Nẵng""}",10.0,747 Đường ABC,Quận 10,Đà Nẵng,630000
ORD-3343,CUS-1091,PRD-2021,2023-01-05,2023-01-10,5,2475000,12375000,VND,completed,"{""street"": ""658 Đường ABC"", ""district"": ""Quận 12"", ""city"": ""Đà Nẵng""}",15.0,658 Đường ABC,Quận 12,Đà Nẵng,10518800
ORD-3344,CUS-1056,PRD-2019,2023-07-11,2023-07-23,5,140000,700000,VND,completed,"{""street"": ""877 Đường ABC"", ""district"": ""Quận 5"", ""city"": ""Hà Nội""}",15.0,877 Đường ABC,Quận 5,Hà Nội,595000
ORD-3345,CUS-1103,PRD-2021,2023-10-11,2023-10-15,4,2475000,9900000,VND,completed,"{""street"": ""710 Đường ABC"", ""district"": ""Quận 2"", ""city"": ""Hà Nội""}",5.0,710 Đường ABC,Quận 2,Hà Nội,9405000
ORD-3346,CUS-1040,PRD-2011,2023-06-25,2023-06-29,2,142000,284000,VND,pending,"{""street"": ""521 Đường ABC"", ""district"": ""Quận 5"", ""city"": ""Cần Thơ""}",0.0,521 Đường ABC,Quận 5,Cần Thơ,284000
ORD-3347,CUS-1084,PRD-2026,2023-11-28,2023-12-08,4,283000,1132000,VND,completed,"{""street"": ""119 Đường ABC"", ""district"": ""Quận 4"", ""city"": ""Hà Nội""}",0.0,119 Đường ABC,Quận 4,Hà Nội,1132000
ORD-3348,CUS-1001,PRD-2006,2023-02-14,2023-02-15,2,1293000,2586000,VND,cancelled,"{""street"": ""992 Đường ABC"", ""district"": ""Quận 4"", ""city"": ""Đà Nẵng""}",15.0,992 Đường ABC,Quận 4,Đà Nẵng,2198100
ORD-3349,CUS-1076,PRD-2042,2023-11-24,2023-11-27,1,158000,158000,VND,completed,"{""street"": ""428 Đường ABC"", ""district"": ""Quận 4"", ""city"": ""Đà Nẵng""",10.0,428 Đường ABC,Quận 4,Đà Nẵng,142200
ORD-3350,CUS-1055,PRD-2011,2023-05-22,2023-05-29,1,142000,142000,VND,cancelled,"{""street"": ""634 Đường ABC"", ""district"": ""Quận 10"", ""city"": ""Cần Thơ""}",0.0,634 Đường ABC,Quận 10,Cần Thơ,142000
ORD-3351,CUS-1050,PRD-2040,2023-08-28,2023-09-06,1,279000,279000,VND,completed,"{""street"": ""834 Đường ABC"", ""district"": ""Quận 5"", ""city"": ""Đà Nẵng""}",20.0,834 Đường ABC,Quận 5,Đà Nẵng,223200
ORD-3352,CUS-1113,PRD-2040,2023-04-22,2023-04-28,5,279000,1395000,VND,completed,"{""street"": ""28 Đường ABC"", ""district"": ""Quận 12"", ""city"": ""Hà Nội""}",0.0,28 Đường ABC,Quận 12,Hà Nội,1395000
ORD-3353,CUS-1135,PRD-2024,2023-06-13,2023-06-26,2,811000,1622000,VND,pending,,20.0,Không xác định,Không xác định,Không xác định,1297600
ORD-3354,CUS-1118,PRD-2007,2023-04-01,2023-04-04,5,523000,2615000,VND,pending,"{""street"": ""682 Đường ABC"", ""district"": ""Quận 7"", ""city"": ""Hà Nội""}",0.0,682 Đường ABC,Quận 7,Hà Nội,2615000
ORD-3355,CUS-9323,PRD-2001,2023-01-21,2023-02-04,2,160000,320000,VND,returned,"{""street"": ""125 Đường ABC"", ""district"": ""Quận 9"", ""city"": ""Hải Phòng""}",15.0,125 Đường ABC,Quận 9,Hải Phòng,272000
ORD-3356,CUS-1062,PRD-2035,2023-11-26,2023-12-10,5,464000,2320000,VND,completed,"{""street"": ""227 Đường ABC"", ""district"": ""Quận 7"", ""city"": ""Cần Thơ""}",0.0,227 Đường ABC,Quận 7,Cần Thơ,2320000
ORD-3357,CUS-1029,PRD-2014,2023-04-28,2023-05-06,5,103000,515000,VND,completed,"{""street"": ""424 Đường ABC"", ""district"": ""Quận 7"", ""city"": ""Hồ Chí Minh""}",0.0,424 Đường ABC,Quận 7,Hồ Chí Minh,515000
ORD-3358,CUS-1144,PRD-2006,2023-11-29,2023-12-13,4,1293000,5172000,VND,completed,"{""street"": ""72 Đường ABC"", ""district"": ""Quận 6"", ""city"": ""Cần Thơ""}",10.0,72 Đường ABC,Quận 6,Cần Thơ,4654800
ORD-3359,CUS-1032,PRD-2044,2023-01-21,2023-01-22,5,142000,710000,VND,completed,"{""street"": ""74 Đường ABC"", ""district"": ""Quận 1"", ""city"": ""Hồ Chí Minh""}",20.0,74 Đường ABC,Quận 1,Hồ Chí Minh,568000
ORD-3360,CUS-1085,PRD-2029,2023-02-08,2023-02-21,1,143000,143000,VND,returned,"{""street"": ""914 Đường ABC"", ""district"": ""Quận 10"", ""city"": ""Đà Nẵng""}",10.0,914 Đường ABC,Quận 10,Đà Nẵng,128700
ORD-3361,CUS-1086,PRD-2004,2023-08-07,2023-08-13,1,280000,280000,VND,completed,"{""street"": ""836 Đường ABC"", ""district"": ""Quận 11"", ""city"": ""Đà Nẵng""}",20.0,836 Đường ABC,Quận 11,Đà Nẵng,224000
ORD-3362,CUS-1122,PRD-2042,2023-06-03,2023-06-16,4,158000,632000,VND,completed,"{""street"": ""751 Đường ABC"", ""district"": ""Quận 5"", ""city"": ""Hà Nội""}",15.0,751 Đường ABC,Quận 5,Hà Nội,537200
ORD-3363,CUS-1094,PRD-2019,2023-09-26,2023-09-27,4,140000,560000,VND,completed,"{""street"": ""45 Đường ABC"", ""district"": ""Quận 5"", ""city"": ""Hải Phòng""}",20.0,45 Đường ABC,Quận 5,Hải Phòng,448000
ORD-3364,CUS-1133,PRD-2002,2023-07-14,2023-07-27,1,821000,821000,VND,completed,"{""street"": ""880 Đường ABC"", ""district"": ""Quận 10"", ""city"": ""Hồ Chí Minh""}",0.0,880 Đường ABC,Quận 10,Hồ Chí Minh,821000
ORD-3365,CUS-1038,PRD-2008,2023-08-26,2023-08-28,5,1328000,6640000,VND,cancelled,"{""street"": ""858 Đường ABC"", ""district"": ""Quận 11"", ""city"": ""Hồ Chí Minh""}",10.0,858 Đường ABC,Quận 11,Hồ Chí Minh,5976000
ORD-3366,CUS-1132,PRD-2050,2023-08-14,2023-08-25,3,773000,2319000,VND,cancelled,"{""street"": ""863 Đường ABC"", ""district"": ""Quận 3"", ""city"": ""Hà Nội""}",10.0,863 Đường ABC,Quận 3,Hà Nội,2087100
ORD-3367,CUS-1118,PRD-2016,2023-05-14,2023-05-15,4,1381000,5524000,VND,completed,"{""street"": ""157 Đường ABC"", ""district"": ""Quận 6"", ""city"": ""Hải Phòng""}",0.0,157 Đường ABC,Quận 6,Hải Phòng,5524000
ORD-3368,CUS-1108,PRD-2007,2023-07-20,2023-08-02,4,523000,2092000,VND,completed,"{""street"": ""634 Đường ABC"", ""district"": ""Quận 11"", ""city"": ""Đà Nẵng""}",10.0,634 Đường ABC,Quận 11,Đà Nẵng,1882800
ORD-3369,CUS-1118,PRD-2009,2023-01-17,2023-01-18,5,2356000,11780000,VND,completed,"{""street"": ""229 Đường ABC"", ""district"": ""Quận 1"", ""city"": ""Hồ Chí Minh""}",5.0,229 Đường ABC,Quận 1,Hồ Chí Minh,11191000
ORD-3370,CUS-1009,PRD-2043,2023-11-10,2023-11-16,3,291000,873000,VND,completed,"{""street"": ""753 Đường ABC"", ""district"": ""Quận 11"", ""city"": ""Cần Thơ""}",0.0,753 Đường ABC,Quận 11,Cần Thơ,873000
ORD-3371,CUS-1150,PRD-2023,2023-03-08,2023-03-09,4,140000,560000,VND,returned,"{""street"": ""685 Đường ABC"", ""district"": ""Quận 11"", ""city"": ""Hà Nội""}",0.0,685 Đường ABC,Quận 11,Hà Nội,560000
ORD-3372,CUS-1130,PRD-2049,2023-01-16,2023-01-27,5,-109000,-545000,VND,cancelled,"{""street"": ""528 Đường ABC"", ""district"": ""Quận 6"", ""city"": ""Đà Nẵng""}",15.0,528 Đường ABC,Quận 6,Đà Nẵng,-463200
ORD-3373,CUS-1108,PRD-2041,2023-03-15,2023-03-27,3,150000,450000,VND,completed,"{""street"": ""692 Đường ABC"", ""district"": ""Quận 2"", ""city"": ""Đà Nẵng""}",10.0,692 Đường ABC,Quận 2,Đà Nẵng,405000
ORD-3374,CUS-1102,PRD-2033,2023-01-24,2023-02-02,1,1212000,1212000,VND,completed,,5.0,Không xác định,Không xác định,Không xác định,1151400
ORD-3375,CUS-1110,PRD-2032,2023-01-22,2023-02-05,5,487000,2435000,VND,returned,"{""street"": ""670 Đường ABC"", ""district"": ""Quận 7"", ""city"": ""Hải Phòng""}",20.0,670 Đường ABC,Quận 7,Hải Phòng,1948000
ORD-3376,CUS-1016,PRD-2031,2023-06-27,2023-06-28,4,833000,3332000,VND,completed,"{""street"": ""255 Đường ABC"", ""district"": ""Quận 7"", ""city"": ""Hồ Chí Minh""}",20.0,255 Đường ABC,Quận 7,Hồ Chí Minh,2665600
ORD-3377,CUS-1045,PRD-2021,2023-07-15,2023-07-23,1,2475000,2475000,VND,completed,,0.0,Không xác định,Không xác định,Không xác định,2475000
ORD-3378,CUS-1049,PRD-2027,2023-10-12,2023-10-16,2,879000,1758000,VND,pending,"{""street"": ""975 Đường ABC"", ""district"": ""Quận 8"", ""city"": ""Cần Thơ""}",0.0,975 Đường ABC,Quận 8,Cần Thơ,1758000
ORD-3380,CUS-1117,PRD-2028,2023-10-22,2023-11-01,3,140000,420000,VND,cancelled,"{""street"": ""664 Đường ABC"", ""district"": ""Quận 2"", ""city"": ""Hà Nội""}",5.0,664 Đường ABC,Quận 2,Hà Nội,399000
ORD-3381,CUS-1112,PRD-2047,2023-12-21,2023-12-30,4,293000,1172000,VND,pending,"{""street"": ""546 Đường ABC"", ""district"": ""Quận 12"", ""city"": ""Hồ Chí Minh""}",15.0,546 Đường ABC,Quận 12,Hồ Chí Minh,996200
ORD-3382,CUS-1008,PRD-2028,2023-07-28,2023-07-24,3,140000,420000,VND,returned,"{""street"": ""546 Đường ABC"", ""district"": ""Quận 11"", ""city"": ""Cần Thơ""}",15.0,546 Đường ABC,Quận 11,Cần Thơ,357000
ORD-3383,CUS-1042,PRD-2030,2023-05-16,2023-05-18,4,138000,552000,VND,cancelled,"{""street"": ""201 Đường ABC"", ""district"": ""Quận 10"", ""city"": ""Đà Nẵng""}",0.0,201 Đường ABC,Quận 10,Đà Nẵng,552000
ORD-3384,CUS-9887,PRD-2017,2023-07-19,2023-07-25,3,147000,441000,VND,returned,"{""street"": ""561 Đường ABC"", ""district"": ""Quận 9"", ""city"": ""Đà Nẵng""}",0.0,561 Đường ABC,Quận 9,Đà Nẵng,441000
ORD-3385,CUS-1143,PRD-2022,2023-05-27,2023-06-06,2,92000,184000,VND,returned,"{""street"": ""973 Đường ABC"", ""district"": ""Quận 6"", ""city"": ""Hồ Chí Minh""}",20.0,973 Đường ABC,Quận 6,Hồ Chí Minh,147200
ORD-3386,CUS-1071,PRD-2017,2023-07-24,2023-08-04,1,147000,147000,VND,completed,"{""street"": ""993 Đường ABC"", ""district"": ""Quận 10"", ""city"": ""Đà Nẵng""}",0.0,993 Đường ABC,Quận 10,Đà Nẵng,147000
ORD-3387,CUS-1089,PRD-2004,2023-11-16,2023-11-23,3,280000,840000,VND,pending,"{""street"": ""144 Đường ABC"", ""district"": ""Quận 8"", ""city"": ""Hồ Chí Minh""}",5.0,144 Đường ABC,Quận 8,Hồ Chí Minh,798000
ORD-3388,CUS-1067,PRD-2030,2023-02-28,2023-03-10,3,138000,414000,VND,completed,"{""street"": ""770 Đường ABC"", ""district"": ""Quận 11"", ""city"": ""Cần Thơ""}",0.0,770 Đường ABC,Quận 11,Cần Thơ,414000
ORD-3389,CUS-1046,PRD-2039,2023-11-06,2023-11-07,4,0,0,VND,pending,"{""street"": ""394 Đường ABC"", ""district"": ""Quận 9"", ""city"": ""Hồ Chí Minh""}",0.0,394 Đường ABC,Quận 9,Hồ Chí Minh,0
ORD-3390,CUS-1070,PRD-2021,2023-04-28,2023-05-12,3,2475000,7425000,VND,completed,"{""street"": ""331 Đường ABC"", ""district"": ""Quận 9"", ""city"": ""Hà Nội""}",10.0,331 Đường ABC,Quận 9,Hà Nội,6682500
ORD-3391,CUS-1049,PRD-2027,2023-01-08,2023-01-10,4,879000,3516000,VND,pending,"{""street"": ""432 Đường ABC"", ""district"": ""Quận 7"", ""city"": ""Hà Nội""}",0.0,432 Đường ABC,Quận 7,Hà Nội,3516000
ORD-3392,CUS-1077,PRD-2004,2023-10-12,2023-10-20,2,280000,560000,VND,completed,"{""street"": ""625 Đường ABC"", ""district"": ""Quận 3"", ""city"": ""Hà Nội""}",0.0,625 Đường ABC,Quận 3,Hà Nội,560000
ORD-3393,CUS-1077,PRD-9446,2023-08-06,2023-08-13,4,487000,1948000,VND,cancelled,,10.0,Không xác định,Không xác định,Không xác định,1753200
ORD-3394,CUS-1035,PRD-2005,2023-02-02,2023-02-14,3,465000,1395000,VND,completed,"{""street"": ""433 Đường ABC"", ""district"": ""Quận 10"", ""city"": ""Cần Thơ""}",5.0,433 Đường ABC,Quận 10,Cần Thơ,1325200
ORD-3395,CUS-1005,PRD-2034,2023-07-19,2023-07-30,2,2378000,4756000,VND,returned,"{""street"": ""918 Đường ABC"", ""district"": ""Quận 2"", ""city"": ""Hải Phòng""",20.0,918 Đường ABC,Quận 2,Hải Phòng,3804800
ORD-3396,CUS-1111,PRD-2044,2023-04-06,2023-04-17,2,142000,284000,VND,cancelled,"{""street"": ""712 Đường ABC"", ""district"": ""Quận 3"", ""city"": ""Hải Phòng""}",15.0,712 Đường ABC,Quận 3,Hải Phòng,241400
ORD-3397,CUS-1146,PRD-2028,2023-12-13,2023-12-14,5,140000,700000,VND,completed,"{""street"": ""178 Đường ABC"", ""district"": ""Quận 4"", ""city"": ""Cần Thơ""}",20.0,178 Đường ABC,Quận 4,Cần Thơ,560000
ORD-3398,CUS-1009,PRD-2020,2023-08-26,2023-09-03,3,477000,1431000,VND,returned,"{""street"": ""961 Đường ABC"", ""district"": ""Quận 4"", ""city"": ""Hồ Chí Minh""}",5.0,961 Đường ABC,Quận 4,Hồ Chí Minh,1359400
ORD-3399,CUS-1116,PRD-9283,2023-10-11,2023-10-21,3,291000,873000,VND,cancelled,"{""street"": ""215 Đường ABC"", ""district"": ""Quận 12"", ""city"": ""Đà Nẵng""}",20.0,215 Đường ABC,Quận 12,Đà Nẵng,698400
ORD-3400,CUS-1070,PRD-2039,2023-06-11,2023-06-13,1,0,0,VND,completed,"{""street"": ""186 Đường ABC"", ""district"": ""Quận 5"", ""city"": ""Đà Nẵng""}",0.0,186 Đường ABC,Quận 5,Đà Nẵng,0
ORD-3401,CUS-1032,PRD-2024,2023-05-04,2023-05-06,4,811000,3244000,VND,cancelled,"{""street"": ""393 Đường ABC"", ""district"": ""Quận 10"", ""city"": ""Hồ Chí Minh""}",20.0,393 Đường ABC,Quận 10,Hồ Chí Minh,2595200
ORD-3402,CUS-1015,PRD-2014,2023-11-06,2023-11-13,2,103000,206000,VND,completed,"{""street"": ""670 Đường ABC"", ""district"": ""Quận 5"", ""city"": ""Cần Thơ""}",10.0,670 Đường ABC,Quận 5,Cần Thơ,185400
ORD-3403,CUS-1063,PRD-2048,2023-01-11,2023-01-25,1,0,0,VND,cancelled,"{""street"": ""417 Đường ABC"", ""district"": ""Quận 4"", ""city"": ""Hà Nội""}",0.0,417 Đường ABC,Quận 4,Hà Nội,0
ORD-3404,CUS-1094,PRD-2022,2023-06-01,2023-06-14,3,92000,276000,VND,completed,"{""street"": ""439 Đường ABC"", ""district"": ""Quận 9"", ""city"": ""Hồ Chí Minh""}",0.0,439 Đường ABC,Quận 9,Hồ Chí Minh,276000
ORD-3405,CUS-1009,PRD-2040,2023-06-06,2023-06-09,2,279000,558000,VND,returned,"{""street"": ""816 Đường ABC"", ""district"": ""Quận 9"", ""city"": ""Hồ Chí Minh""}",0.0,816 Đường ABC,Quận 9,Hồ Chí Minh,558000
ORD-3406,CUS-1120,PRD-2004,2023-01-20,2023-01-23,1,280000,280000,VND,pending,"{""street"": ""90 Đường ABC"", ""district"": ""Quận 10"", ""city"": ""Hải Phòng""}",0.0,90 Đường ABC,Quận 10,Hải Phòng,280000
ORD-3407,CUS-1029,PRD-2044,2023-04-12,2023-04-13,3,142000,426000,VND,completed,"{""street"": ""582 Đường ABC"", ""district"": ""Quận 12"", ""city"": ""Cần Thơ""}",0.0,582 Đường ABC,Quận 12,Cần Thơ,426000
ORD-3408,CUS-1130,PRD-2022,2023-04-28,2023-05-10,4,92000,368000,VND,completed,"{""street"": ""363 Đường ABC"", ""district"": ""Quận 3"", ""city"": ""Đà Nẵng""}",0.0,363 Đường ABC,Quận 3,Đà Nẵng,368000
ORD-3409,CUS-1015,PRD-2049,2023-05-13,2023-05-21,3,-109000,-327000,VND,completed,"{""street"": ""94 Đường ABC"", ""district"": ""Quận 8"", ""city"": ""Cần Thơ""}",0.0,94 Đường ABC,Quận 8,Cần Thơ,-327000
ORD-3410,CUS-1111,PRD-2003,2023-02-06,2023-02-10,3,802000,2406000,VND,pending,"{""street"": ""848 Đường ABC"", ""district"": ""Quận 8"", ""city"": ""Đà Nẵng""}",0.0,848 Đường ABC,Quận 8,Đà Nẵng,2406000
ORD-3411,CUS-1073,PRD-2005,2023-06-07,2023-06-15,5,465000,2325000,VND,pending,,10.0,Không xác định,Không xác định,Không xác định,2092500
ORD-3413,CUS-1008,PRD-2041,2023-05-14,2023-05-15,1,150000,150000,VND,returned,"{""street"": ""253 Đường ABC"", ""district"": ""Quận 11"", ""city"": ""Đà Nẵng""",5.0,253 Đường ABC,Quận 11,Đà Nẵng,142500
ORD-3414,CUS-1105,PRD-2050,2023-11-21,2023-11-28,2,773000,1546000,VND,completed,"{""street"": ""180 Đường ABC"", ""district"": ""Quận 11"", ""city"": ""Hà Nội""}",15.0,180 Đường ABC,Quận 11,Hà Nội,1314100
ORD-3415,CUS-1042,PRD-2042,2023-02-01,2023-02-12,3,158000,474000,VND,cancelled,,0.0,Không xác định,Không xác định,Không xác định,474000
ORD-3416,CUS-1147,PRD-2003,2023-11-22,2023-11-30,3,802000,2406000,VND,completed,"{""street"": ""586 Đường ABC"", ""district"": ""Quận 1"", ""city"": ""Cần Thơ""}",0.0,586 Đường ABC,Quận 1,Cần Thơ,2406000
ORD-3418,CUS-1121,PRD-2031,2023-06-01,2023-06-05,1,833000,833000,VND,returned,,5.0,Không xác định,Không xác định,Không xác định,791400
ORD-3419,CUS-1034,PRD-2044,2023-10-12,2023-10-25,4,142000,568000,VND,returned,"{""street"": ""290 Đường ABC"", ""district"": ""Quận 5"", ""city"": ""Đà Nẵng""}",0.0,290 Đường ABC,Quận 5,Đà Nẵng,568000
ORD-3420,CUS-1150,PRD-2046,2023-08-12,2023-08-19,3,809000,2427000,VND,completed,"{""street"": ""187 Đường ABC"", ""district"": ""Quận 9"", ""city"": ""Hà Nội""}",20.0,187 Đường ABC,Quận 9,Hà Nội,1941600
ORD-3421,CUS-1059,PRD-2038,2023-09-10,2023-09-23,5,779000,3895000,VND,completed,"{""street"": ""207 Đường ABC"", ""district"": ""Quận 11"", ""city"": ""Cần Thơ""}",0.0,207 Đường ABC,Quận 11,Cần Thơ,3895000
ORD-3422,CUS-1019,PRD-2041,2023-10-15,2023-10-21,1,150000,150000,VND,completed,"{""street"": ""236 Đường ABC"", ""district"": ""Quận 2"", ""city"": ""Hải Phòng""",20.0,236 Đường ABC,Quận 2,Hải Phòng,120000
ORD-3423,CUS-1028,PRD-2029,2023-06-22,2023-07-01,1,143000,143000,VND,completed,"{""street"": ""596 Đường ABC"", ""district"": ""Quận 4"", ""city"": ""Hà Nội""}",0.0,596 Đường ABC,Quận 4,Hà Nội,143000
ORD-3424,CUS-1044,PRD-2006,2023-12-02,2023-12-13,3,1293000,3879000,VND,cancelled,"{""street"": ""909 Đường ABC"", ""district"": ""Quận 2"", ""city"": ""Hải Phòng""}",0.0,909 Đường ABC,Quận 2,Hải Phòng,3879000
ORD-3425,CUS-1078,PRD-2004,2023-12-20,2024-01-03,3,280000,840000,VND,cancelled,,0.0,Không xác định,Không xác định,Không xác định,840000
ORD-3426,CUS-1113,PRD-2037,2023-10-05,2023-10-06,5,1314000,6570000,VND,pending,"{""street"": ""421 Đường ABC"", ""district"": ""Quận 8"", ""city"": ""Cần Thơ""}",0.0,421 Đường ABC,Quận 8,Cần Thơ,6570000
ORD-3427,CUS-1147,PRD-2031,2023-10-09,2023-10-18,5,833000,4165000,VND,pending,,0.0,Không xác định,Không xác định,Không xác định,4165000
ORD-3428,CUS-1141,PRD-2014,2023-04-13,2023-04-15,3,103000,309000,VND,completed,"{""street"": ""14 Đường ABC"", ""district"": ""Quận 3"", ""city"": ""Hà Nội""}",10.0,14 Đường ABC,Quận 3,Hà Nội,278100
ORD-3429,CUS-1079,PRD-2042,2023-09-13,2023-09-25,5,158000,790000,VND,returned,"{""street"": ""104 Đường ABC"", ""district"": ""Quận 6"", ""city"": ""Cần Thơ""}",0.0,104 Đường ABC,Quận 6,Cần Thơ,790000
ORD-3430,CUS-1028,PRD-2026,2023-11-19,2023-11-21,2,283000,566000,VND,completed,"{""street"": ""712 Đường ABC"", ""district"": ""Quận 8"", ""city"": ""Đà Nẵng""}",0.0,712 Đường ABC,Quận 8,Đà Nẵng,566000
ORD-3431,CUS-1027,PRD-2038,2023-07-19,2023-07-29,4,779000,3116000,VND,completed,"{""street"": ""334 Đường ABC"", ""district"": ""Quận 6"", ""city"": ""Đà Nẵng""}",10.0,334 Đường ABC,Quận 6,Đà Nẵng,2804400
ORD-3432,CUS-1106,PRD-2008,2023-11-10,2023-11-17,3,1328000,3984000,VND,pending,"{""street"": ""955 Đường ABC"", ""district"": ""Quận 8"", ""city"": ""Hồ Chí Minh""}",10.0,955 Đường ABC,Quận 8,Hồ Chí Minh,3585600
ORD-3433,CUS-1140,PRD-2046,2023-05-19,2023-05-27,2,809000,1618000,VND,completed,"{""street"": ""146 Đường ABC"", ""district"": ""Quận 2"", ""city"": ""Hải Phòng""}",15.0,146 Đường ABC,Quận 2,Hải Phòng,1375300
ORD-3434,CUS-1093,PRD-2049,2023-12-10,2023-12-21,4,-109000,-479600,VND,returned,"{""street"": ""585 Đường ABC"", ""district"": ""Quận 5"", ""city"": ""Đà Nẵng""}",0.0,585 Đường ABC,Quận 5,Đà Nẵng,-479600
ORD-3435,CUS-1076,PRD-2014,2023-05-28,2023-06-09,5,103000,515000,VND,completed,"{""street"": ""173 Đường ABC"", ""district"": ""Quận 8"", ""city"": ""Hải Phòng""}",20.0,173 Đường ABC,Quận 8,Hải Phòng,412000
ORD-3436,CUS-1113,PRD-2013,2023-05-12,2023-05-20,3,99000,297000,VND,pending,"{""street"": ""591 Đường ABC"", ""district"": ""Quận 8"", ""city"": ""Hải Phòng""}",0.0,591 Đường ABC,Quận 8,Hải Phòng,297000
ORD-3437,CUS-1107,PRD-2010,2023-10-19,2023-10-26,3,2497000,7491000,VND,completed,"{""street"": ""631 Đường ABC"", ""district"": ""Quận 2"", ""city"": ""Hải Phòng""}",20.0,631 Đường ABC,Quận 2,Hải Phòng,5992800
ORD-3438,CUS-1044,PRD-2024,2023-04-02,2023-04-08,4,811000,3244000,VND,pending,"{""street"": ""495 Đường ABC"", ""district"": ""Quận 4"", ""city"": ""Cần Thơ""}",0.0,495 Đường ABC,Quận 4,Cần Thơ,3244000
ORD-3439,CUS-1111,PRD-2015,2023-07-17,2023-07-18,4,160000,640000,VND,completed,"{""street"": ""738 Đường ABC"", ""district"": ""Quận 9"", ""city"": ""Đà Nẵng""}",10.0,738 Đường ABC,Quận 9,Đà Nẵng,576000
ORD-3440,CUS-1112,PRD-2033,2023-09-21,2023-10-04,4,1212000,4848000,VND,returned,"{""street"": ""390 Đường ABC"", ""district"": ""Quận 8"", ""city"": ""Hải Phòng""}",5.0,390 Đường ABC,Quận 8,Hải Phòng,4605600
ORD-3441,CUS-1131,PRD-2002,2023-04-28,2023-05-10,4,821000,3284000,VND,pending,"{""street"": ""954 Đường ABC"", ""district"": ""Quận 10"", ""city"": ""Hải Phòng""}",10.0,954 Đường ABC,Quận 10,Hải Phòng,2955600
ORD-3442,CUS-1078,PRD-2031,2023-01-29,2023-02-03,3,833000,2499000,VND,completed,"{""street"": ""308 Đường ABC"", ""district"": ""Quận 11"", ""city"": ""Hồ Chí Minh""}",0.0,308 Đường ABC,Quận 11,Hồ Chí Minh,2499000
ORD-3443,CUS-1145,PRD-2034,2023-01-23,2023-02-04,3,2378000,7134000,VND,cancelled,"{""street"": ""480 Đường ABC"", ""district"": ""Quận 9"", ""city"": ""Hải Phòng""}",5.0,480 Đường ABC,Quận 9,Hải Phòng,6777300
ORD-3445,CUS-1044,PRD-2013,2023-11-24,2023-11-27,3,99000,297000,VND,completed,"{""street"": ""230 Đường ABC"", ""district"": ""Quận 2"", ""city"": ""Hải Phòng""}",5.0,230 Đường ABC,Quận 2,Hải Phòng,282200
ORD-3446,CUS-1009,PRD-2009,2023-12-09,2023-12-10,3,2356000,7068000,VND,pending,"{""street"": ""151 Đường ABC"", ""district"": ""Quận 12"", ""city"": ""Hải Phòng""}",10.0,151 Đường ABC,Quận 12,Hải Phòng,6361200
ORD-3447,CUS-1078,PRD-2028,2023-08-27,2023-09-03,2,140000,280000,VND,pending,"{""street"": ""371 Đường ABC"", ""district"": ""Quận 12"", ""city"": ""Đà Nẵng""",20.0,371 Đường ABC,Quận 12,Đà Nẵng,224000
ORD-3448,CUS-1090,PRD-2009,2023-02-11,2023-02-16,4,2356000,9424000,VND,completed,"{""street"": ""290 Đường ABC"", ""district"": ""Quận 4"", ""city"": ""Đà Nẵng""}",0.0,290 Đường ABC,Quận 4,Đà Nẵng,9424000
ORD-3450,CUS-1101,PRD-2005,2023-09-16,2023-09-26,4,465000,1860000,VND,pending,"{""street"": ""933 Đường ABC"", ""district"": ""Quận 3"", ""city"": ""Hải Phòng""}",5.0,933 Đường ABC,Quận 3,Hải Phòng,1767000
ORD-3451,CUS-1053,PRD-2039,2023-03-09,2023-03-10,1,0,0,VND,completed,"{""street"": ""558 Đường ABC"", ""district"": ""Quận 2"", ""city"": ""Hồ Chí Minh""}",0.0,558 Đường ABC,Quận 2,Hồ Chí Minh,0
ORD-3452,CUS-1119,PRD-2019,2023-05-24,2023-06-01,1,140000,140000,VND,cancelled,"{""street"": ""472 Đường ABC"", ""district"": ""Quận 11"", ""city"": ""Hà Nội""}",0.0,472 Đường ABC,Quận 11,Hà Nội,140000
ORD-3453,CUS-1060,PRD-2010,2023-05-06,2023-05-16,5,2497000,12485000,VND,completed,"{""street"": ""875 Đường ABC"", ""district"": ""Quận 10"", ""city"": ""Đà Nẵng""}",0.0,875 Đường ABC,Quận 10,Đà Nẵng,12485000
ORD-3454,CUS-1019,PRD-2044,2023-05-08,2023-05-22,3,142000,426000,VND,completed,"{""street"": ""519 Đường ABC"", ""district"": ""Quận 5"", ""city"": ""Cần Thơ""}",0.0,519 Đường ABC,Quận 5,Cần Thơ,426000
ORD-3455,CUS-1052,PRD-2044,2023-09-15,2023-09-27,3,142000,426000,VND,completed,"{""street"": ""762 Đường ABC"", ""district"": ""Quận 5"", ""city"": ""Hải Phòng""}",0.0,762 Đường ABC,Quận 5,Hải Phòng,426000
ORD-3456,CUS-1047,PRD-2027,2023-03-04,2023-03-16,2,879000,1758000,VND,completed,"{""street"": ""393 Đường ABC"", ""district"": ""Quận 4"", ""city"": ""Đà Nẵng""}",15.0,393 Đường ABC,Quận 4,Đà Nẵng,1494300
ORD-3457,CUS-1128,PRD-2043,2023-05-14,2023-05-23,3,291000,873000,VND,completed,"{""street"": ""296 Đường ABC"", ""district"": ""Quận 6"", ""city"": ""Cần Thơ""}",10.0,296 Đường ABC,Quận 6,Cần Thơ,785700
ORD-3458,CUS-1059,PRD-2015,2023-12-25,2024-01-01,1,160000,160000,VND,completed,"{""street"": ""279 Đường ABC"", ""district"": ""Quận 10"", ""city"": ""Hà Nội""}",10.0,279 Đường ABC,Quận 10,Hà Nội,144000
ORD-3459,CUS-1086,PRD-2017,2023-06-07,2023-06-17,3,147000,441000,VND,pending,"{""street"": ""816 Đường ABC"", ""district"": ""Quận 4"", ""city"": ""Cần Thơ""}",5.0,816 Đường ABC,Quận 4,Cần Thơ,419000
ORD-3460,CUS-1112,PRD-9326,2023-03-09,2023-03-23,2,-140000,-280000,VND,pending,"{""street"": ""618 Đường ABC"", ""district"": ""Quận 9"", ""city"": ""Hồ Chí Minh""}",20.0,618 Đường ABC,Quận 9,Hồ Chí Minh,-224000
ORD-3461,CUS-1040,PRD-2026,2023-04-14,2023-04-15,4,283000,1132000,VND,pending,"{""street"": ""954 Đường ABC"", ""district"": ""Quận 6"", ""city"": ""Hồ Chí Minh""}",20.0,954 Đường ABC,Quận 6,Hồ Chí Minh,905600
ORD-3462,CUS-1082,PRD-2029,2023-08-22,2023-09-05,3,143000,429000,VND,completed,"{""street"": ""997 Đường ABC"", ""district"": ""Quận 10"", ""city"": ""Hải Phòng""}",0.0,997 Đường ABC,Quận 10,Hải Phòng,429000
ORD-3463,CUS-1147,PRD-2047,2023-05-15,2023-05-17,3,293000,879000,VND,cancelled,"{""street"": ""887 Đường ABC"", ""district"": ""Quận 10"", ""city"": ""Hà Nội""}",0.0,887 Đường ABC,Quận 10,Hà Nội,879000
ORD-3464,CUS-1078,PRD-2003,2023-09-15,2023-09-18,4,802000,3208000,VND,cancelled,"{""street"": ""704 Đường ABC"", ""district"": ""Quận 8"", ""city"": ""Hải Phòng""}",0.0,704 Đường ABC,Quận 8,Hải Phòng,3208000
ORD-3465,CUS-1020,PRD-2018,2023-07-13,2023-07-21,4,298000,1192000,VND,cancelled,"{""street"": ""702 Đường ABC"", ""district"": ""Quận 4"", ""city"": ""Đà Nẵng""}",0.0,702 Đường ABC,Quận 4,Đà Nẵng,1192000
ORD-3466,CUS-1014,PRD-2032,2023-10-07,2023-10-15,2,487000,974000,VND,returned,"{""street"": ""900 Đường ABC"", ""district"": ""Quận 3"", ""city"": ""Hà Nội""}",0.0,900 Đường ABC,Quận 3,Hà Nội,974000
ORD-3467,CUS-1109,PRD-2008,2023-09-28,2023-10-07,3,1328000,3984000,VND,completed,"{""street"": ""451 Đường ABC"", ""district"": ""Quận 7"", ""city"": ""Cần Thơ""}",15.0,451 Đường ABC,Quận 7,Cần Thơ,3386400
ORD-3468,CUS-1020,PRD-2042,2023-08-09,2023-08-13,3,158000,474000,VND,returned,,0.0,Không xác định,Không xác định,Không xác định,474000
ORD-3469,CUS-1143,PRD-2016,2023-10-15,2023-10-19,4,1381000,5524000,VND,completed,"{""street"": ""793 Đường ABC"", ""district"": ""Quận 12"", ""city"": ""Đà Nẵng""}",0.0,793 Đường ABC,Quận 12,Đà Nẵng,5524000
ORD-3470,CUS-1047,PRD-2001,2023-06-06,2023-06-14,3,160000,480000,VND,completed,"{""street"": ""230 Đường ABC"", ""district"": ""Quận 6"", ""city"": ""Hồ Chí Minh""}",20.0,230 Đường ABC,Quận 6,Hồ Chí Minh,384000
ORD-3471,CUS-1044,PRD-2031,2023-04-12,2023-04-19,3,833000,2499000,VND,cancelled,"{""street"": ""124 Đường ABC"", ""district"": ""Quận 2"", ""city"": ""Hà Nội""}",0.0,124 Đường ABC,Quận 2,Hà Nội,2499000
ORD-3472,CUS-1123,PRD-2014,2023-09-02,2023-09-14,3,103000,309000,VND,completed,"{""street"": ""315 Đường ABC"", ""district"": ""Quận 6"", ""city"": ""Hà Nội""",10.0,315 Đường ABC,Quận 6,Hà Nội,278100
ORD-3473,CUS-1011,PRD-2023,2023-04-17,2023-04-21,1,140000,140000,VND,returned,"{""street"": ""684 Đường ABC"", ""district"": ""Quận 7"", ""city"": ""Cần Thơ""}",0.0,684 Đường ABC,Quận 7,Cần Thơ,140000
ORD-3474,CUS-1069,PRD-2038,2023-01-15,2023-01-18,4,779000,3116000,VND,pending,"{""street"": ""688 Đường ABC"", ""district"": ""Quận 9"", ""city"": ""Hải Phòng""}",5.0,688 Đường ABC,Quận 9,Hải Phòng,2960200
ORD-3475,CUS-1114,PRD-2033,2023-11-03,2023-11-16,4,1212000,4848000,VND,cancelled,"{""street"": ""613 Đường ABC"", ""district"": ""Quận 8"", ""city"": ""Đà Nẵng""}",0.0,613 Đường ABC,Quận 8,Đà Nẵng,4848000
ORD-3476,CUS-1079,PRD-2049,2023-09-24,2023-10-03,3,-109000,-3270000,VND,completed,"{""street"": ""820 Đường ABC"", ""district"": ""Quận 8"", ""city"": ""Cần Thơ""}",20.0,820 Đường ABC,Quận 8,Cần Thơ,-2616000
ORD-3477,CUS-1142,PRD-2010,2023-07-09,2023-07-10,3,2497000,7491000,VND,completed,"{""street"": ""25 Đường ABC"", ""district"": ""Quận 6"", ""city"": ""Cần Thơ""}",10.0,25 Đường ABC,Quận 6,Cần Thơ,6741900
ORD-3478,CUS-1045,PRD-2014,2023-01-15,2023-01-21,1,103000,103000,VND,returned,,15.0,Không xác định,Không xác định,Không xác định,87600
ORD-3479,CUS-1050,PRD-2003,2023-01-23,2023-02-05,2,802000,1604000,VND,pending,"{""street"": ""260 Đường ABC"", ""district"": ""Quận 2"", ""city"": ""Cần Thơ""}",0.0,260 Đường ABC,Quận 2,Cần Thơ,1604000
ORD-3480,CUS-1045,PRD-2017,2023-08-27,2023-08-29,3,147000,441000,VND,completed,"{""street"": ""329 Đường ABC"", ""district"": ""Quận 9"", ""city"": ""Đà Nẵng""}",0.0,329 Đường ABC,Quận 9,Đà Nẵng,441000
ORD-3481,CUS-1064,PRD-2022,2023-03-22,2023-04-05,5,92000,460000,VND,pending,"{""street"": ""660 Đường ABC"", ""district"": ""Quận 5"", ""city"": ""Hồ Chí Minh""}",0.0,660 Đường ABC,Quận 5,Hồ Chí Minh,460000
ORD-3482,CUS-1141,PRD-2037,2023-09-30,2023-10-14,5,1314000,6570000,VND,completed,"{""street"": ""191 Đường ABC"", ""district"": ""Quận 6"", ""city"": ""Cần Thơ""}",20.0,191 Đường ABC,Quận 6,Cần Thơ,5256000
ORD-3483,CUS-1067,PRD-2015,2023-04-30,2023-05-10,1,160000,160000,VND,completed,"{""street"": ""193 Đường ABC"", ""district"": ""Quận 10"", ""city"": ""Hà Nội""}",10.0,193 Đường ABC,Quận 10,Hà Nội,144000
ORD-3484,CUS-1050,PRD-2038,2023-03-23,2023-03-26,1,779000,779000,VND,completed,"{""street"": ""324 Đường ABC"", ""district"": ""Quận 10"", ""city"": ""Cần Thơ""}",20.0,324 Đường ABC,Quận 10,Cần Thơ,623200
ORD-3485,CUS-1135,PRD-2025,2023-01-10,2023-01-21,1,1283000,1283000,VND,completed,"{""street"": ""410 Đường ABC"", ""district"": ""Quận 10"", ""city"": ""Đà Nẵng""}",0.0,410 Đường ABC,Quận 10,Đà Nẵng,1283000
ORD-3486,CUS-1071,PRD-2035,2023-06-09,2023-06-20,2,464000,928000,VND,returned,"{""street"": ""162 Đường ABC"", ""district"": ""Quận 7"", ""city"": ""Hồ Chí Minh""}",10.0,162 Đường ABC,Quận 7,Hồ Chí Minh,835200
ORD-3487,CUS-1024,PRD-2049,2023-07-15,2023-07-22,3,-109000,-327000,VND,returned,"{""street"": ""917 Đường ABC"", ""district"": ""Quận 5"", ""city"": ""Hải Phòng""}",0.0,917 Đường ABC,Quận 5,Hải Phòng,-327000
ORD-3488,CUS-9595,PRD-2033,2023-11-25,2023-11-30,2,1212000,2424000,VND,pending,"{""street"": ""475 Đường ABC"", ""district"": ""Quận 1"", ""city"": ""Hồ Chí Minh""}",0.0,475 Đường ABC,Quận 1,Hồ Chí Minh,2424000
ORD-3489,CUS-1118,PRD-2045,2023-09-03,2023-09-17,4,2346000,9384000,VND,completed,"{""street"": ""625 Đường ABC"", ""district"": ""Quận 4"", ""city"": ""Hồ Chí Minh""}",5.0,625 Đường ABC,Quận 4,Hồ Chí Minh,8914800
ORD-3490,CUS-1148,PRD-2045,2023-04-08,2023-04-19,2,2346000,4692000,VND,returned,"{""street"": ""214 Đường ABC"", ""district"": ""Quận 1"", ""city"": ""Hải Phòng""}",0.0,214 Đường ABC,Quận 1,Hải Phòng,4692000
ORD-3491,CUS-1044,PRD-2033,2023-10-20,2023-10-17,1,1212000,1212000,VND,completed,,0.0,Không xác định,Không xác định,Không xác định,1212000
ORD-3492,CUS-1079,PRD-2006,2023-04-03,2023-04-16,4,1293000,5172000,VND,returned,"{""street"": ""379 Đường ABC"", ""district"": ""Quận 3"", ""city"": ""Hải Phòng""}",0.0,379 Đường ABC,Quận 3,Hải Phòng,5172000
ORD-3493,CUS-1042,PRD-2004,2023-05-05,2023-05-08,1,280000,280000,VND,completed,"{""street"": ""445 Đường ABC"", ""district"": ""Quận 3"", ""city"": ""Hồ Chí Minh""}",10.0,445 Đường ABC,Quận 3,Hồ Chí Minh,252000
ORD-3494,CUS-1050,PRD-2029,2023-06-05,2023-06-16,4,143000,572000,VND,returned,"{""street"": ""934 Đường ABC"", ""district"": ""Quận 2"", ""city"": ""Hải Phòng""",10.0,934 Đường ABC,Quận 2,Hải Phòng,514800
ORD-3495,CUS-1124,PRD-2044,2023-02-09,2023-02-20,4,142000,568000,VND,completed,"{""street"": ""158 Đường ABC"", ""district"": ""Quận 6"", ""city"": ""Đà Nẵng""}",0.0,158 Đường ABC,Quận 6,Đà Nẵng,568000
ORD-3496,CUS-1101,PRD-2013,2023-07-16,2023-07-23,4,99000,396000,VND,returned,"{""street"": ""26 Đường ABC"", ""district"": ""Quận 8"", ""city"": ""Cần Thơ""}",15.0,26 Đường ABC,Quận 8,Cần Thơ,336600
ORD-3497,CUS-1148,PRD-2038,2023-08-13,2023-08-20,5,779000,3895000,VND,pending,"{""street"": ""956 Đường ABC"", ""district"": ""Quận 12"", ""city"": ""Đà Nẵng""}",0.0,956 Đường ABC,Quận 12,Đà Nẵng,3895000
ORD-3498,CUS-1034,PRD-2040,2023-02-12,2023-02-21,4,279000,1116000,VND,returned,"{""street"": ""487 Đường ABC"", ""district"": ""Quận 2"", ""city"": ""Hồ Chí Minh""}",0.0,487 Đường ABC,Quận 2,Hồ Chí Minh,1116000
ORD-3499,CUS-1093,PRD-2033,2023-03-13,2023-03-21,4,1212000,4848000,VND,completed,"{""street"": ""734 Đường ABC"", ""district"": ""Quận 7"", ""city"": ""Hồ Chí Minh""}",10.0,734 Đường ABC,Quận 7,Hồ Chí Minh,4363200
ORD-3500,CUS-1038,PRD-2004,2023-02-01,2023-02-12,2,280000,560000,VND,cancelled,"{""street"": ""689 Đường ABC"", ""district"": ""Quận 4"", ""city"": ""Đà Nẵng""",0.0,689 Đường ABC,Quận 4,Đà Nẵng,560000
