movement_id,item_id,movement_type,quantity,movement_date,reference_po,warehouse,created_by,notes
MOV-5001,ITEM-243,NHẬP,93,30-01-2023,PO-3090,B2,system,
MOV-5002,ITEM-205,return,62,2023-06-09,PO-3236,B2,system,Urgent
MOV-5003,ITEM-208,Kiểm kê,39,20/11/2023,,A2,KHO1,Urgent
MOV-5004,ITEM-243,Adj,9,02/06/2023,,B1,system,Urgent
MOV-5005,ITEM-269,adjustment,74,03/02/2024,,B1,ADMIN,
MOV-5006,ITEM-241,RETURN,35,2024-02-28,PO-3045,B1,kho1,
MOV-5007,ITEM-239,IN,48,08/02/2023,PO-3104,B2,KHO1,
MOV-5008,ITEM-225,NHẬP,94,20/06/2024,PO-3159,C1,ADMIN,
MOV-5009,ITEM-227,RETURN,59,01/02/2024,PO-3268,,KHO1,
MOV-5010,ITEM-212,NHẬP,6,16/04/2023,PO-3267,C1,kho2,Urgent
MOV-5011,ITEM-227,in,25,21-10-2023,PO-3142,A1,kho2,
MOV-5012,ITEM-221,IN,2,2024-06-10,PO-3053,B1,kho1,Urgent
MOV-5013,ITEM-237,out,22,2023-03-14,,C1,system,
MOV-5014,ITEM-217,NHẬP,87,2023-02-21,PO-3055,A2,ADMIN,
MOV-5015,ITEM-276,TRẢ HÀNG,79,31-12-2023,PO-3160,C1,admin,
MOV-5016,ITEM-260,out,12,2024-04-24,,,ADMIN,Urgent
MOV-5017,ITEM-260,out,29,28-05-2023,,B1,kho2,Kiểm tra lại
MOV-5018,ITEM-224,Return,42,2024-04-09,PO-3250,B2,system,
MOV-5019,ITEM-222,In,78,11/05/2023,PO-3261,B1,KHO1,Urgent
MOV-5020,ITEM-210,Adj,69,2024-04-17,,A2,KHO1,
MOV-5021,ITEM-271,NHẬP,50,2023-03-09,PO-3175,B2,KHO1,
MOV-5022,ITEM-244,export,31,27/06/2023,,,ADMIN,
MOV-5023,ITEM-263,Nhập kho,77,19/04/2024,PO-3167,B1,system,
MOV-5024,ITEM-277,import,77,24/01/2024,PO-3168,A2,kho1,
MOV-5025,ITEM-201,adjustment,85,2023-06-02,,B2,KHO1,
MOV-5026,ITEM-258,in,88,2023-11-21,PO-3154,B2,ADMIN,OK
MOV-5027,ITEM-212,OUT,79,06/06/2024,,B1,admin,OK
MOV-5028,ITEM-271,IN,91,03/01/2024,PO-3057,B2,ADMIN,
MOV-5029,ITEM-251,Return,92,27-01-2024,PO-3208,A2,system,
MOV-5030,ITEM-225,XUẤT,47,03-03-2024,,A2,kho1,
MOV-5031,ITEM-210,RETURN,19,13/05/2024,PO-3224,,system,
MOV-5032,ITEM-259,Kiểm kê,55,2023-07-04,,C1,system,Kiểm tra lại
MOV-5033,ITEM-246,in,55,08-01-2023,PO-3296,C1,kho2,Kiểm tra lại
MOV-5034,ITEM-270,Out,5,08-02-2023,,B1,admin,
MOV-5035,ITEM-262,RETURN,19,23-06-2024,PO-3144,A1,kho1,Kiểm tra lại
MOV-5036,ITEM-210,Trả NCC,75,16/11/2023,PO-3028,B2,system,
MOV-5037,ITEM-261,export,43,2024-03-07,,B1,kho1,
MOV-5038,ITEM-277,Return,94,24-09-2023,PO-3032,A1,ADMIN,OK
MOV-5039,ITEM-280,In,63,2023-03-26,PO-3065,B1,kho1,
MOV-5040,ITEM-236,In,2,25-04-2023,PO-3090,B2,kho2,
MOV-5041,ITEM-223,import,31,2024-05-11,PO-3093,A1,kho1,
MOV-5042,ITEM-220,ĐIỀU CHỈNH,97,27/02/2024,,,system,Urgent
MOV-5043,ITEM-222,Nhập kho,94,20/12/2023,PO-3028,A1,kho1,Kiểm tra lại
MOV-5044,ITEM-252,Out,61,29-06-2024,,,system,Kiểm tra lại
MOV-5045,ITEM-234,Nhập kho,56,13-01-2023,PO-3148,B1,KHO1,Urgent
MOV-5046,ITEM-206,Nhập kho,82,2023-12-29,PO-3222,B1,kho2,OK
MOV-5047,ITEM-213,import,75,05-02-2024,PO-3237,,KHO1,
MOV-5048,ITEM-225,Out,87,04/07/2023,,,admin,
MOV-5049,ITEM-209,NHẬP,13,21-06-2024,PO-3054,B1,kho2,
MOV-5050,ITEM-205,Nhập kho,12,28-02-2023,PO-3112,A1,admin,
MOV-5051,ITEM-278,NHẬP,85,09/07/2023,PO-3057,,system,OK
MOV-5052,ITEM-255,Return,33,15/06/2023,PO-3038,B1,kho2,
MOV-5053,ITEM-257,NHẬP,26,2024-02-07,PO-3092,A2,KHO1,Urgent
MOV-5054,ITEM-214,export,34,16-04-2023,,B1,system,
MOV-5055,ITEM-264,import,82,2023-01-01,PO-3020,C1,admin,
MOV-5056,ITEM-263,XUẤT,-52,13-03-2023,,B2,admin,
MOV-5057,ITEM-269,In,88,2023-11-07,PO-3206,C1,kho2,
MOV-5058,ITEM-259,Adj,83,2023-07-27,,,kho1,OK
MOV-5059,ITEM-250,import,89,03/01/2024,PO-3250,A1,kho1,
MOV-5060,ITEM-276,NHẬP,50,2023-03-06,PO-3277,A1,admin,OK
MOV-5061,ITEM-208,import,6,20-02-2024,PO-3061,C1,kho1,Urgent
MOV-5062,ITEM-275,IN,5,25/05/2023,PO-3251,A2,ADMIN,Urgent
MOV-5063,ITEM-217,in,81,21-02-2023,PO-3158,A1,admin,
MOV-5064,ITEM-264,Xuất kho,29,06-03-2023,,,system,OK
MOV-5065,ITEM-216,Trả NCC,70,21-05-2023,PO-3165,A2,kho2,
MOV-5066,ITEM-216,in,97,01-03-2024,PO-3087,A1,kho1,
MOV-5067,ITEM-279,out,-3,13/05/2024,,,ADMIN,
MOV-5068,ITEM-237,export,99,02-05-2024,,B1,KHO1,Kiểm tra lại
MOV-5069,ITEM-253,in,79,2023-02-08,PO-3093,B1,system,
MOV-5070,ITEM-272,in,16,26-06-2024,PO-3049,A2,system,
MOV-5071,ITEM-227,IN,25,26/04/2023,PO-3077,A2,ADMIN,
MOV-5072,ITEM-207,Return,37,2023-08-03,PO-3223,A1,admin,Urgent
MOV-5073,ITEM-207,out,21,30/01/2023,,,system,
MOV-5074,ITEM-275,NHẬP,26,30-11-2023,PO-3118,B2,kho1,Kiểm tra lại
MOV-5075,ITEM-229,NHẬP,75,2024-05-11,PO-3028,A2,system,OK
MOV-5076,ITEM-218,export,25,03/01/2024,,A1,ADMIN,
MOV-5077,ITEM-208,in,15,2024-04-21,PO-3235,C1,kho1,
MOV-5078,ITEM-279,Nhập kho,71,24/08/2023,PO-3045,C1,system,
MOV-5079,ITEM-260,IN,94,14-03-2024,PO-3127,A2,KHO1,
MOV-5080,ITEM-254,IN,61,31-05-2024,PO-3018,A1,system,Kiểm tra lại
MOV-5081,ITEM-231,Nhập kho,97,13-01-2023,PO-3209,A1,admin,Kiểm tra lại
MOV-5082,ITEM-240,import,59,25/01/2023,PO-3233,B1,ADMIN,Kiểm tra lại
MOV-5083,ITEM-201,ADJUSTMENT,50,2023-12-07,,,KHO1,
MOV-5084,ITEM-274,adjustment,88,24/03/2023,,C1,ADMIN,OK
MOV-5085,ITEM-207,NHẬP,47,21/04/2024,PO-3021,C1,ADMIN,
MOV-5086,ITEM-227,In,31,27-04-2023,PO-3245,A2,ADMIN,
MOV-5087,ITEM-229,In,35,2024-05-30,PO-3217,C1,KHO1,
MOV-5088,ITEM-216,export,69,2024-06-29,,,ADMIN,
MOV-5089,ITEM-209,NHẬP,12,24/03/2023,PO-3201,A2,kho2,
MOV-5090,ITEM-219,out,-27,2024-06-17,,,KHO1,
MOV-5091,ITEM-261,NHẬP,-57,22-01-2023,PO-3150,,kho2,Kiểm tra lại
MOV-5092,ITEM-275,import,83,2023-12-01,PO-3249,B2,kho2,
MOV-5093,ITEM-217,Adj,22,2023-09-24,,A1,kho1,OK
MOV-5094,ITEM-237,out,80,14/06/2023,,,ADMIN,Urgent
MOV-5095,ITEM-220,in,15,12/02/2023,PO-3163,C1,ADMIN,
MOV-5096,ITEM-241,in,48,04/04/2024,PO-3277,B2,system,
MOV-5097,ITEM-219,Out,20,05-01-2023,,B1,ADMIN,Urgent
MOV-5098,ITEM-238,Out,97,2023-05-31,,B1,ADMIN,
MOV-5098,ITEM-238,Out,97,2023-05-31,,B1,ADMIN,
MOV-5100,ITEM-280,adjustment,58,01-01-2024,,A2,KHO1,
MOV-5101,ITEM-229,Adj,26,24-01-2023,,,admin,
MOV-5102,ITEM-251,NHẬP,41,2024-06-07,PO-3029,B1,system,OK
MOV-5103,ITEM-202,In,45,2023-11-12,PO-3229,,system,
MOV-5104,ITEM-257,in,94,10/03/2024,PO-3213,B1,system,
MOV-5104,ITEM-257,in,94,10/03/2024,PO-3213,B1,system,
MOV-5106,ITEM-235,out,72,18/04/2024,,A2,kho1,
MOV-5107,ITEM-249,Nhập kho,63,2023-02-13,PO-3155,A2,admin,
MOV-5108,ITEM-201,In,39,2024-04-28,PO-3064,,ADMIN,
MOV-5109,ITEM-204,In,64,10-03-2023,PO-3186,,system,Urgent
MOV-5110,ITEM-216,Nhập kho,94,18-01-2023,PO-3133,A2,kho2,
MOV-5111,ITEM-207,In,54,31-12-2023,PO-3025,A2,ADMIN,
MOV-5112,ITEM-213,out,70,27-11-2023,,B1,kho2,Urgent
MOV-5112,ITEM-213,out,70,27-11-2023,,B1,kho2,Urgent
MOV-5114,ITEM-267,In,100,11/05/2024,PO-3211,C1,kho1,
MOV-5115,ITEM-225,Kiểm kê,79,22-06-2024,,A1,system,Kiểm tra lại
MOV-5116,ITEM-210,in,3,06-05-2024,PO-3179,C1,kho2,
MOV-5117,ITEM-239,import,16,16/08/2023,PO-3066,A2,kho1,
MOV-5118,ITEM-255,RETURN,10,20-01-2023,PO-3248,C1,KHO1,
MOV-5119,ITEM-261,In,6,09-03-2023,PO-3155,A2,KHO1,
MOV-5120,ITEM-224,Return,4,2023-04-03,PO-3075,B1,kho1,
MOV-5121,ITEM-265,Kiểm kê,31,01-06-2024,,A1,KHO1,
MOV-5122,ITEM-225,in,97,2023-01-05,PO-3051,B1,ADMIN,
MOV-5123,ITEM-224,export,14,2023-07-05,,A2,KHO1,
MOV-5124,ITEM-253,In,16,2024-04-22,PO-3057,C1,ADMIN,
MOV-5125,ITEM-211,NHẬP,15,2024-01-30,PO-3146,A2,KHO1,Kiểm tra lại
MOV-5126,ITEM-238,ĐIỀU CHỈNH,25,13-03-2023,,B1,kho1,
MOV-5127,ITEM-263,RETURN,51,2024-03-24,PO-3268,,KHO1,
MOV-5128,ITEM-222,In,26,2023-12-13,PO-3103,,system,OK
MOV-5129,ITEM-275,Out,97,2024-02-14,,B2,KHO1,OK
MOV-5130,ITEM-219,ĐIỀU CHỈNH,14,06-05-2023,,A2,admin,
MOV-5131,ITEM-207,ADJUSTMENT,64,28-01-2023,,B1,kho1,OK
MOV-5132,ITEM-280,OUT,98,2023-03-20,,B2,kho1,OK
MOV-5133,ITEM-264,Xuất kho,34,18/12/2023,,A1,system,
MOV-5134,ITEM-250,Out,49,29-03-2024,,,kho2,Urgent
MOV-5135,ITEM-222,XUẤT,18,16/11/2023,,C1,ADMIN,Kiểm tra lại
MOV-5136,ITEM-271,Trả NCC,74,2024-04-26,PO-3244,B2,KHO1,Kiểm tra lại
MOV-5137,ITEM-279,Return,99,2023-10-19,PO-3165,B1,ADMIN,
MOV-5138,ITEM-204,Adj,49,2023-04-10,,B1,admin,Urgent
MOV-5139,ITEM-232,in,83,2023-11-16,PO-3044,A2,admin,
MOV-5140,ITEM-242,NHẬP,85,08-03-2024,PO-9480,A1,kho2,Kiểm tra lại
MOV-5141,ITEM-274,Out,74,11-04-2023,,A2,kho2,Kiểm tra lại
MOV-5142,ITEM-265,Adj,22,2023-11-03,,,admin,
MOV-5143,ITEM-269,In,34,18-02-2023,PO-3153,A1,ADMIN,
MOV-5144,ITEM-275,Nhập kho,44,2023-10-07,PO-3035,A1,ADMIN,
MOV-5145,ITEM-239,Out,56,17-11-2023,,C1,system,Urgent
MOV-5146,ITEM-271,IN,81,12-06-2024,PO-3096,B2,kho2,Urgent
MOV-5147,ITEM-269,Kiểm kê,99,20/03/2024,,C1,kho1,OK
MOV-5148,ITEM-260,in,20,04-11-2023,PO-3223,A2,system,OK
MOV-5149,ITEM-237,return,33,2023-08-30,PO-9816,B2,system,
MOV-5150,ITEM-256,export,5,2023-07-26,,B1,ADMIN,
MOV-5151,ITEM-223,RETURN,93,2024-05-12,PO-3011,A1,system,OK
MOV-5152,ITEM-212,export,18,30/08/2023,,C1,ADMIN,
MOV-5153,ITEM-275,Kiểm kê,33,23/05/2024,,B1,kho2,
MOV-5154,ITEM-275,TRẢ HÀNG,96,2023-08-30,PO-3217,B2,system,OK
MOV-5155,ITEM-276,NHẬP,69,2024-01-19,PO-3058,A2,kho2,Kiểm tra lại
MOV-5156,ITEM-248,Adj,3,05/02/2023,,,ADMIN,
MOV-5157,ITEM-233,XUẤT,40,07-01-2024,,A2,system,Kiểm tra lại
MOV-5158,ITEM-202,Out,39,2023-04-03,,A2,kho1,Kiểm tra lại
MOV-5159,ITEM-241,ĐIỀU CHỈNH,5,2023-10-08,,B2,ADMIN,Kiểm tra lại
MOV-5160,ITEM-243,TRẢ HÀNG,13,14-06-2023,PO-3134,,kho2,Kiểm tra lại
MOV-5161,ITEM-204,ADJUSTMENT,83,08/07/2023,,A1,system,
MOV-5162,ITEM-240,Nhập kho,11,24-04-2023,PO-3081,A2,KHO1,Urgent
MOV-5163,ITEM-253,Adj,58,04/05/2024,,,KHO1,
MOV-5164,ITEM-242,Adj,26,2023-03-28,,C1,kho1,
MOV-5165,ITEM-203,export,79,23/08/2023,,B1,ADMIN,
MOV-5166,ITEM-222,NHẬP,80,15-03-2024,PO-3134,A1,admin,Urgent
MOV-5167,ITEM-268,XUẤT,87,21/05/2024,,B1,kho2,Urgent
MOV-5168,ITEM-264,out,56,2023-07-31,,,ADMIN,
MOV-5169,ITEM-254,NHẬP,19,30/01/2023,PO-3149,B1,KHO1,Urgent
MOV-5170,ITEM-259,IN,61,2023-05-17,PO-3166,,system,Urgent
MOV-5171,ITEM-277,IN,13,02-03-2023,PO-3027,,KHO1,Urgent
MOV-5172,ITEM-206,In,65,26-01-2024,PO-3155,A1,KHO1,
MOV-5173,ITEM-234,Nhập kho,64,14/12/2023,PO-3240,B1,admin,OK
MOV-5174,ITEM-206,NHẬP,36,2024-01-05,PO-3221,C1,kho2,Kiểm tra lại
MOV-5175,ITEM-222,import,63,04/06/2023,PO-3285,A2,kho1,
MOV-5176,ITEM-230,IN,61,2023-09-24,PO-3084,A1,system,OK
MOV-5177,ITEM-272,XUẤT,64,26/04/2023,,B1,admin,
MOV-5178,ITEM-237,in,96,04/06/2024,PO-3140,C1,KHO1,
MOV-5179,ITEM-254,in,-99,25-05-2024,PO-3049,A1,system,OK
MOV-5180,ITEM-276,In,20,30-01-2023,PO-3042,B1,KHO1,Urgent
MOV-5181,ITEM-201,IN,84,08-04-2024,PO-3167,A2,kho1,
MOV-5182,ITEM-207,Adj,42,26-02-2023,,B2,admin,Kiểm tra lại
MOV-5182,ITEM-207,Adj,42,26-02-2023,,B2,admin,Kiểm tra lại
MOV-5184,ITEM-227,NHẬP,100,2024-02-17,PO-3146,B2,system,Urgent
MOV-5185,ITEM-240,Trả NCC,17,2024-01-03,PO-3050,B2,kho2,
MOV-5186,ITEM-277,OUT,97,2024-03-08,,,system,
MOV-5187,ITEM-206,Out,60,2023-08-18,,C1,ADMIN,Urgent
MOV-5188,ITEM-268,In,60,23/03/2024,PO-3041,,kho2,
MOV-5189,ITEM-232,XUẤT,38,18-02-2023,,A1,KHO1,Kiểm tra lại
MOV-5190,ITEM-253,NHẬP,85,17/09/2023,PO-3182,,ADMIN,Kiểm tra lại
MOV-5191,ITEM-223,adjustment,51,2023-02-16,,B1,KHO1,Urgent
MOV-5192,ITEM-259,ĐIỀU CHỈNH,80,29/09/2023,,A2,kho1,
MOV-5192,ITEM-259,ĐIỀU CHỈNH,80,29/09/2023,,A2,kho1,
MOV-5194,ITEM-251,IN,22,03-05-2024,PO-3236,,system,OK
MOV-5195,ITEM-280,Kiểm kê,47,09/02/2024,,A1,kho1,
MOV-5196,ITEM-203,return,4,03-08-2023,PO-3247,C1,kho1,
MOV-5197,ITEM-239,ĐIỀU CHỈNH,19,30/04/2024,,,ADMIN,Kiểm tra lại
MOV-5198,ITEM-263,OUT,58,2023-09-06,,A1,kho2,
MOV-5199,ITEM-214,TRẢ HÀNG,54,2024-05-22,PO-3297,B2,system,
MOV-5200,ITEM-276,Trả NCC,87,2024-05-14,PO-3119,C1,admin,OK
MOV-5201,ITEM-254,OUT,64,22/12/2023,,B1,ADMIN,
MOV-5202,ITEM-261,NHẬP,30,03-06-2024,PO-3113,,system,
MOV-5203,ITEM-238,TRẢ HÀNG,54,2024-01-04,PO-3242,,ADMIN,
MOV-5204,ITEM-262,in,26,2023-06-10,PO-3252,A2,kho1,
MOV-5205,ITEM-207,In,34,01/01/2024,PO-3082,B1,system,
MOV-5206,ITEM-280,IN,72,18/08/2023,PO-3250,C1,kho2,
MOV-5207,ITEM-266,export,14,2023-02-21,,A1,admin,
MOV-5208,ITEM-279,OUT,72,12/02/2023,,A2,kho2,
MOV-5209,ITEM-238,TRẢ HÀNG,98,2024-06-02,PO-3256,A2,admin,
MOV-5210,ITEM-226,XUẤT,99,2023-01-07,,B1,KHO1,
MOV-5211,ITEM-211,In,92,29-02-2024,PO-3185,B2,kho1,
MOV-5212,ITEM-255,XUẤT,59,12/06/2024,,B2,kho1,
MOV-5213,ITEM-202,Trả NCC,9,28/03/2023,PO-3174,B2,admin,Urgent
MOV-5214,ITEM-220,OUT,81,16-06-2024,,,KHO1,
MOV-5215,ITEM-239,Return,45,2023-01-09,PO-3144,B2,ADMIN,
MOV-5216,ITEM-270,Xuất kho,84,28-03-2024,,B2,kho1,OK
MOV-5217,ITEM-211,Nhập kho,43,04-02-2024,PO-3065,C1,kho2,
MOV-5218,ITEM-244,adjustment,3,2023-01-29,,A2,kho2,Urgent
MOV-5219,ITEM-255,OUT,94,03-03-2023,,B1,admin,
MOV-5220,ITEM-216,Out,74,06-01-2023,,C1,KHO1,Urgent
MOV-5221,ITEM-269,Kiểm kê,30,25-12-2023,,C1,ADMIN,
MOV-5222,ITEM-249,export,32,2023-04-18,,B2,admin,
MOV-5223,ITEM-255,ĐIỀU CHỈNH,11,2023-04-05,,A2,system,
MOV-5224,ITEM-248,Trả NCC,52,2024-06-15,PO-3203,,system,Urgent
MOV-5225,ITEM-254,adjustment,19,01/06/2024,,,KHO1,
MOV-5226,ITEM-268,import,28,11/04/2024,PO-3243,C1,system,
MOV-5227,ITEM-216,Nhập kho,38,2023-02-11,PO-3268,B1,system,
MOV-5228,ITEM-219,Nhập kho,54,2023-02-19,PO-3157,A1,admin,
MOV-5229,ITEM-245,IN,54,2024-05-07,PO-3294,B2,ADMIN,
MOV-5230,ITEM-278,in,65,16/04/2024,PO-3231,C1,ADMIN,
MOV-5231,ITEM-253,out,51,2023-12-14,,,kho2,Urgent
MOV-5232,ITEM-212,adjustment,91,26-01-2023,,B1,KHO1,Urgent
MOV-5233,ITEM-216,Trả NCC,11,17/07/2023,PO-3278,B2,KHO1,
MOV-5234,ITEM-216,Trả NCC,24,20-01-2023,PO-3141,B2,admin,
MOV-5235,ITEM-269,Out,52,2023-02-16,,B2,kho1,Kiểm tra lại
MOV-5236,ITEM-204,Kiểm kê,41,27/01/2024,,C1,kho1,OK
MOV-5237,ITEM-219,In,99,02-04-2023,PO-3079,B1,kho1,
MOV-5238,ITEM-208,NHẬP,13,24/11/2023,PO-3073,A1,kho1,
MOV-5239,ITEM-277,out,64,04/06/2024,,B1,admin,OK
MOV-5239,ITEM-277,out,64,04/06/2024,,B1,admin,OK
MOV-5241,ITEM-230,In,71,14-04-2023,PO-3127,B2,system,
MOV-5242,ITEM-265,in,48,2023-06-22,PO-3126,A1,admin,
MOV-5242,ITEM-265,in,48,2023-06-22,PO-3126,A1,admin,
MOV-5244,ITEM-262,Nhập kho,33,2024-01-25,PO-3180,A1,kho1,Urgent
MOV-5245,ITEM-269,OUT,39,02/04/2023,,,KHO1,OK
MOV-5246,ITEM-256,Nhập kho,65,2023-11-22,PO-3176,A2,ADMIN,OK
MOV-5247,ITEM-244,NHẬP,77,03-12-2023,PO-3009,B2,admin,
MOV-5248,ITEM-223,Xuất kho,90,15-05-2024,,,admin,
MOV-5249,ITEM-204,ĐIỀU CHỈNH,87,07-05-2023,,B1,system,
MOV-5249,ITEM-204,ĐIỀU CHỈNH,87,07-05-2023,,B1,system,
MOV-5251,ITEM-203,Adj,88,02-01-2024,,B1,ADMIN,
MOV-5252,ITEM-230,Out,5,15-10-2023,,A2,admin,
MOV-5253,ITEM-251,In,73,27-05-2024,PO-3253,,KHO1,
MOV-5254,ITEM-223,Nhập kho,17,08-03-2023,PO-3066,,kho2,
MOV-5255,ITEM-203,Trả NCC,-79,16-09-2023,PO-3287,,admin,
MOV-5256,ITEM-242,XUẤT,36,2023-05-05,,C1,admin,Urgent
MOV-5257,ITEM-229,In,54,29-06-2024,PO-3230,A1,ADMIN,
MOV-5258,ITEM-255,in,26,2023-06-18,PO-3169,B2,admin,
MOV-5259,ITEM-243,Adj,32,21/04/2023,,B1,KHO1,
MOV-5260,ITEM-231,Nhập kho,80,25/03/2024,PO-3049,A1,system,OK
MOV-5261,ITEM-209,adjustment,8,2024-03-28,,A1,admin,Urgent
MOV-5262,ITEM-208,OUT,38,2024-01-26,,A2,KHO1,
MOV-5263,ITEM-280,NHẬP,50,20-04-2024,PO-3220,A1,system,
MOV-5263,ITEM-280,NHẬP,50,20-04-2024,PO-3220,A1,system,
MOV-5265,ITEM-209,out,74,2023-05-10,,B2,ADMIN,
MOV-5266,ITEM-257,in,18,15-02-2023,PO-3031,B1,kho2,
MOV-5267,ITEM-270,adjustment,19,2024-04-25,,A1,KHO1,
MOV-5268,ITEM-219,in,65,25/02/2023,PO-3217,A1,kho2,
MOV-5269,ITEM-261,TRẢ HÀNG,77,2023-12-06,PO-3297,A2,admin,Kiểm tra lại
MOV-5270,ITEM-206,out,1,17/08/2023,,A2,system,Urgent
MOV-5271,ITEM-243,ĐIỀU CHỈNH,27,2024-02-14,,A1,admin,OK
MOV-5272,ITEM-204,OUT,19,2023-10-25,,A1,admin,
MOV-5273,ITEM-226,in,29,26/09/2023,PO-3090,A2,kho2,
MOV-5274,ITEM-203,adjustment,49,2023-04-24,,A2,kho2,
MOV-5275,ITEM-248,return,68,20/03/2024,PO-3034,A2,KHO1,Kiểm tra lại
MOV-5276,ITEM-248,Nhập kho,55,2023-09-08,PO-3024,A2,kho2,
MOV-5277,ITEM-207,Return,17,2024-06-04,PO-3300,,KHO1,
MOV-5278,ITEM-222,XUẤT,97,05/06/2024,,B1,ADMIN,OK
MOV-5279,ITEM-268,TRẢ HÀNG,92,21-05-2024,PO-3243,,admin,
MOV-5280,ITEM-229,NHẬP,31,2024-02-10,PO-3112,B1,KHO1,
MOV-5281,ITEM-218,ADJUSTMENT,38,31/03/2024,,B2,KHO1,
MOV-5282,ITEM-244,XUẤT,60,2024-03-18,,B1,system,
MOV-5283,ITEM-223,out,34,19-03-2023,,C1,KHO1,Urgent
MOV-5284,ITEM-211,Adj,30,11-04-2023,,A2,kho2,
MOV-5285,ITEM-243,In,96,09-10-2023,PO-3098,,KHO1,OK
MOV-5286,ITEM-202,Adj,37,2023-12-21,,C1,ADMIN,
MOV-5287,ITEM-261,Trả NCC,98,02/06/2023,PO-3204,C1,KHO1,
MOV-5288,ITEM-271,ĐIỀU CHỈNH,93,17/04/2024,,B2,ADMIN,Kiểm tra lại
MOV-5289,ITEM-227,XUẤT,72,31/01/2023,,B1,ADMIN,
MOV-5290,ITEM-264,Adj,44,2023-08-19,,,KHO1,OK
MOV-5291,ITEM-242,OUT,73,2023-02-02,,C1,ADMIN,
MOV-5292,ITEM-278,Xuất kho,51,26-01-2024,,B2,kho1,Kiểm tra lại
MOV-5293,ITEM-214,Nhập kho,58,08-11-2023,PO-3048,C1,system,
MOV-5294,ITEM-224,IN,50,18/10/2023,PO-3106,B1,KHO1,
MOV-5295,ITEM-222,NHẬP,51,2023-06-10,PO-3057,A2,kho1,
MOV-5296,ITEM-227,NHẬP,91,01-05-2024,PO-3082,,ADMIN,Kiểm tra lại
MOV-5297,ITEM-236,IN,19,2024-04-01,PO-3033,C1,system,Kiểm tra lại
MOV-5298,ITEM-260,OUT,95,2023-04-04,,B1,ADMIN,
MOV-5299,ITEM-239,Xuất kho,23,01-03-2024,,B2,system,Kiểm tra lại
MOV-5300,ITEM-224,Trả NCC,13,07-02-2024,PO-3023,C1,kho2,Urgent
MOV-5301,ITEM-209,return,64,26-02-2024,PO-3284,B1,system,Kiểm tra lại
MOV-5301,ITEM-209,return,64,26-02-2024,PO-3284,B1,system,Kiểm tra lại
MOV-5303,ITEM-260,Out,96,13/02/2024,,B1,admin,Urgent
MOV-5304,ITEM-218,import,96,20-04-2024,PO-3249,B2,kho1,Kiểm tra lại
MOV-5305,ITEM-236,adjustment,22,19/01/2023,,C1,ADMIN,Kiểm tra lại
MOV-5306,ITEM-222,import,98,12/01/2023,PO-3140,,KHO1,
MOV-5307,ITEM-257,RETURN,82,19/06/2024,PO-3053,A1,system,
MOV-5307,ITEM-257,RETURN,82,19/06/2024,PO-3053,A1,system,
MOV-5309,ITEM-204,In,25,06-03-2023,PO-3113,A2,ADMIN,
MOV-5310,ITEM-206,Xuất kho,14,01-12-2023,,A2,KHO1,Kiểm tra lại
MOV-5311,ITEM-255,in,-28,19/04/2023,PO-3183,B2,kho1,Kiểm tra lại
MOV-5312,ITEM-229,import,36,13-01-2024,PO-3023,B2,admin,Urgent
MOV-5313,ITEM-269,Kiểm kê,22,15-09-2023,,,system,Urgent
MOV-5314,ITEM-218,in,-82,2023-11-22,PO-3247,B2,KHO1,Urgent
MOV-5315,ITEM-230,Xuất kho,91,14/01/2023,,B1,kho1,Urgent
MOV-5316,ITEM-255,adjustment,80,2023-03-23,,A2,kho1,Kiểm tra lại
MOV-5317,ITEM-227,RETURN,31,30/03/2024,PO-3169,C1,system,Urgent
MOV-5318,ITEM-237,ADJUSTMENT,30,06/12/2023,,,kho1,
MOV-5319,ITEM-229,XUẤT,67,26/11/2023,,B2,admin,
MOV-5320,ITEM-207,return,27,09/05/2023,PO-3047,A2,KHO1,
MOV-5321,ITEM-255,TRẢ HÀNG,40,2023-06-18,PO-3102,C1,system,Urgent
MOV-5322,ITEM-226,NHẬP,11,04-01-2024,PO-3204,,system,
MOV-5323,ITEM-220,ĐIỀU CHỈNH,3,2024-01-26,,C1,KHO1,
MOV-5324,ITEM-271,return,33,2024-01-25,PO-3238,A1,kho2,
MOV-5325,ITEM-261,in,25,2023-01-05,PO-3007,B2,system,Urgent
MOV-5326,ITEM-248,XUẤT,40,14/03/2023,,B2,KHO1,
MOV-5327,ITEM-225,ĐIỀU CHỈNH,33,23-12-2023,,B1,ADMIN,
MOV-5328,ITEM-250,export,32,2023-09-06,,,ADMIN,Urgent
MOV-5329,ITEM-204,return,34,11/04/2024,PO-3076,A1,admin,
MOV-5330,ITEM-212,TRẢ HÀNG,51,2023-03-24,PO-3266,B1,ADMIN,OK
MOV-5331,ITEM-265,export,49,12-11-2023,,A1,admin,Urgent
MOV-5332,ITEM-274,Adj,19,2023-10-03,,,kho2,
MOV-5333,ITEM-222,ĐIỀU CHỈNH,1,10-04-2023,,B2,ADMIN,OK
MOV-5334,ITEM-256,in,48,2023-07-10,PO-3069,C1,kho1,
MOV-5335,ITEM-226,import,24,16-07-2023,PO-3133,A1,ADMIN,
MOV-5336,ITEM-211,IN,-49,2023-05-08,PO-3142,,admin,
MOV-5337,ITEM-208,IN,86,12-02-2023,PO-3050,B1,system,Kiểm tra lại
MOV-5338,ITEM-244,XUẤT,44,2024-01-15,,A2,kho2,Urgent
MOV-5339,ITEM-252,Xuất kho,8,31/12/2023,,B2,ADMIN,Kiểm tra lại
MOV-5340,ITEM-218,Nhập kho,16,2024-06-27,PO-3144,C1,ADMIN,Urgent
MOV-5340,ITEM-218,Nhập kho,16,2024-06-27,PO-3144,C1,ADMIN,Urgent
MOV-5342,ITEM-242,import,47,16-02-2023,PO-3167,C1,admin,OK
MOV-5343,ITEM-255,export,90,13/04/2023,,,kho1,
MOV-5344,ITEM-267,export,65,2023-02-02,,,KHO1,
MOV-5345,ITEM-260,NHẬP,15,08-05-2024,PO-3277,,admin,
MOV-5346,ITEM-256,RETURN,21,2023-12-01,PO-3197,,admin,Urgent
MOV-5347,ITEM-218,export,93,18/05/2024,,C1,KHO1,
MOV-5348,ITEM-244,export,96,2024-01-26,,A2,kho1,OK
MOV-5349,ITEM-215,IN,15,02/04/2023,PO-3175,C1,kho2,
MOV-5350,ITEM-241,Xuất kho,95,02/01/2023,,B2,system,OK
MOV-5351,ITEM-247,adjustment,-67,2023-08-16,,B1,kho1,
MOV-5352,ITEM-238,adjustment,64,11-04-2024,,,ADMIN,
MOV-5353,ITEM-277,In,65,07/05/2023,PO-3141,B2,kho2,Urgent
MOV-5354,ITEM-249,In,20,04/08/2023,PO-3116,B2,ADMIN,Kiểm tra lại
MOV-5355,ITEM-239,adjustment,3,2024-02-06,,B2,system,
MOV-5356,ITEM-268,Return,37,19-07-2023,PO-3281,A1,ADMIN,OK
MOV-5357,ITEM-259,return,74,21/05/2023,PO-3227,,kho1,Urgent
MOV-5358,ITEM-202,import,74,15/04/2023,PO-3076,A1,admin,OK
MOV-5359,ITEM-261,IN,16,2024-06-11,PO-3174,A2,admin,
MOV-5360,ITEM-231,XUẤT,39,26-06-2023,,,ADMIN,
MOV-5361,ITEM-260,ĐIỀU CHỈNH,36,31/03/2024,,A1,system,Urgent
MOV-5362,ITEM-266,IN,76,2024-05-06,PO-3141,B2,ADMIN,Urgent
MOV-5363,ITEM-256,Nhập kho,17,12/04/2023,PO-3167,B2,ADMIN,
MOV-5364,ITEM-251,Xuất kho,68,15-05-2024,,,ADMIN,
MOV-5365,ITEM-227,RETURN,24,04/07/2023,PO-3003,C1,kho1,Urgent
MOV-5366,ITEM-221,Nhập kho,33,05-02-2023,PO-3044,A2,system,Urgent
MOV-5367,ITEM-201,In,6,15-06-2024,PO-3151,B1,KHO1,OK
MOV-5368,ITEM-278,Xuất kho,27,12/04/2023,,A2,kho1,OK
MOV-5369,ITEM-228,Nhập kho,71,10-08-2023,PO-3184,B1,kho2,Kiểm tra lại
MOV-5370,ITEM-221,XUẤT,11,18/09/2023,,C1,kho1,
MOV-5371,ITEM-235,return,92,2024-01-17,PO-3289,A2,kho2,
MOV-5372,ITEM-256,OUT,78,11/09/2023,,,KHO1,Kiểm tra lại
MOV-5373,ITEM-209,import,12,2024-01-07,PO-3171,A1,admin,Kiểm tra lại
MOV-5374,ITEM-229,OUT,16,29-06-2023,,B2,admin,
MOV-5375,ITEM-245,Trả NCC,37,2023-10-05,PO-3051,A2,kho2,
MOV-5376,ITEM-269,Xuất kho,52,03-05-2024,,C1,ADMIN,
MOV-5377,ITEM-217,NHẬP,73,01/10/2023,PO-3028,,KHO1,Kiểm tra lại
MOV-5378,ITEM-259,NHẬP,46,24-04-2024,PO-3258,A2,kho2,Urgent
MOV-5379,ITEM-212,NHẬP,99,17/11/2023,PO-3047,A2,KHO1,
MOV-5380,ITEM-211,Return,71,19-05-2024,PO-3006,A2,system,Kiểm tra lại
MOV-5380,ITEM-211,Return,71,19-05-2024,PO-3006,A2,system,Kiểm tra lại
MOV-5382,ITEM-225,ADJUSTMENT,92,11/03/2024,,,ADMIN,
MOV-5383,ITEM-268,Trả NCC,6,04/04/2024,PO-3087,A2,admin,OK
MOV-5384,ITEM-218,Out,7,08/03/2024,,B1,ADMIN,
MOV-5385,ITEM-270,ADJUSTMENT,38,03/11/2023,,,ADMIN,
MOV-5386,ITEM-251,In,83,11/06/2024,PO-3019,B1,admin,
MOV-5387,ITEM-259,In,46,20/04/2023,PO-3003,A1,system,Kiểm tra lại
MOV-5388,ITEM-226,Nhập kho,66,07-06-2023,PO-3211,B1,kho1,Kiểm tra lại
MOV-5389,ITEM-251,In,47,14-03-2024,PO-3094,B2,kho1,
MOV-5390,ITEM-246,TRẢ HÀNG,1,2024-01-03,PO-3102,,kho2,
MOV-5391,ITEM-221,return,62,30-09-2023,PO-3061,A2,kho2,
MOV-5392,ITEM-252,export,95,03/02/2024,,A2,kho1,OK
MOV-5393,ITEM-265,import,31,2023-02-23,PO-9491,B1,system,
MOV-5394,ITEM-255,Nhập kho,20,07-06-2024,PO-3096,A2,ADMIN,
MOV-5395,ITEM-255,NHẬP,91,16-04-2023,PO-3258,,kho1,
MOV-5396,ITEM-216,NHẬP,5,08/10/2023,PO-3099,A1,system,Kiểm tra lại
MOV-5397,ITEM-268,import,82,25-08-2023,PO-3114,A1,kho2,
MOV-5398,ITEM-235,In,45,04/03/2024,PO-3127,,ADMIN,OK
MOV-5399,ITEM-228,NHẬP,36,2023-04-14,PO-3221,A1,admin,Urgent
MOV-5400,ITEM-202,Trả NCC,99,14-05-2023,PO-3170,C1,KHO1,OK
MOV-5401,ITEM-231,Return,27,29/01/2024,PO-3045,A1,KHO1,Urgent
MOV-5402,ITEM-225,import,58,2023-04-12,PO-3039,A2,KHO1,Urgent
MOV-5403,ITEM-220,in,25,04-03-2024,PO-3282,B1,kho2,Kiểm tra lại
MOV-5404,ITEM-216,OUT,62,05/03/2024,,A2,KHO1,OK
MOV-5405,ITEM-217,IN,73,04-03-2023,PO-3098,A1,kho1,Kiểm tra lại
MOV-5406,ITEM-266,Xuất kho,100,04/02/2024,,A1,kho1,
MOV-5407,ITEM-228,export,2,09-06-2024,,B1,kho2,
MOV-5408,ITEM-229,import,35,02-05-2023,PO-3088,A2,kho2,
MOV-5409,ITEM-235,ADJUSTMENT,83,12/09/2023,,A1,ADMIN,OK
MOV-5410,ITEM-278,In,11,28/09/2023,PO-3069,,admin,
MOV-5411,ITEM-246,import,36,30-06-2023,PO-3132,A1,ADMIN,Urgent
MOV-5412,ITEM-249,Return,81,2023-07-31,PO-3227,A2,system,
MOV-5413,ITEM-256,in,62,06/04/2023,PO-3254,C1,system,Urgent
MOV-5414,ITEM-224,Return,3,14/11/2023,PO-3084,A1,kho1,
MOV-5415,ITEM-255,NHẬP,83,17/02/2024,PO-3052,C1,admin,Kiểm tra lại
MOV-5416,ITEM-250,IN,2,14-02-2023,PO-3068,C1,admin,
MOV-5417,ITEM-202,ADJUSTMENT,70,13/12/2023,,B2,KHO1,Kiểm tra lại
MOV-5418,ITEM-221,In,62,08/06/2023,PO-3125,A1,admin,
MOV-5418,ITEM-221,In,62,08/06/2023,PO-3125,A1,admin,
MOV-5420,ITEM-229,in,55,30-01-2024,PO-3076,B2,ADMIN,Urgent
MOV-5421,ITEM-215,out,15,2023-08-18,,A1,KHO1,OK
MOV-5422,ITEM-216,IN,6,2023-06-04,PO-3092,A2,ADMIN,Urgent
MOV-5423,ITEM-239,Out,45,2023-04-17,,B1,ADMIN,
MOV-5424,ITEM-210,ADJUSTMENT,20,31-05-2023,,B2,admin,
MOV-5425,ITEM-274,export,36,29/05/2023,,B2,kho2,OK
MOV-5426,ITEM-264,XUẤT,89,28/02/2024,,,kho1,Kiểm tra lại
MOV-5427,ITEM-254,XUẤT,69,30/06/2024,,B2,admin,
MOV-5428,ITEM-254,Xuất kho,100,13/08/2023,,A2,admin,OK
MOV-5429,ITEM-272,out,15,03/03/2023,,B1,system,
MOV-5430,ITEM-271,out,27,18-08-2023,,,kho1,Kiểm tra lại
MOV-5431,ITEM-204,TRẢ HÀNG,48,25/02/2023,PO-3055,A1,kho1,OK
MOV-5432,ITEM-219,in,10,2023-01-13,PO-3292,,kho1,Urgent
MOV-5433,ITEM-268,Return,61,26/02/2024,PO-9113,A1,ADMIN,
MOV-5433,ITEM-268,Return,61,26/02/2024,PO-9113,A1,ADMIN,
MOV-5435,ITEM-255,TRẢ HÀNG,71,22/09/2023,PO-3293,B1,admin,
MOV-5436,ITEM-249,import,28,15-02-2024,PO-3029,C1,admin,
MOV-5437,ITEM-260,Out,84,2024-02-19,,,system,
MOV-5437,ITEM-260,Out,84,2024-02-19,,,system,
MOV-5439,ITEM-237,Nhập kho,14,08-03-2023,PO-3109,A2,ADMIN,
MOV-5440,ITEM-231,IN,73,15/02/2023,PO-3289,B1,admin,OK
MOV-5441,ITEM-237,Xuất kho,25,19/11/2023,,,ADMIN,
MOV-5442,ITEM-243,export,65,14/04/2023,,C1,system,Kiểm tra lại
MOV-5443,ITEM-276,ADJUSTMENT,38,15-06-2023,,A1,ADMIN,
MOV-5444,ITEM-228,adjustment,99,14-06-2023,,C1,ADMIN,
MOV-5445,ITEM-244,out,44,2023-10-25,,A1,ADMIN,
MOV-5446,ITEM-250,in,79,18/03/2023,PO-3079,A2,kho2,
MOV-5447,ITEM-212,OUT,59,18/11/2023,,B1,KHO1,OK
MOV-5448,ITEM-246,IN,23,2024-04-16,PO-3133,,kho1,
MOV-5449,ITEM-273,OUT,47,21-10-2023,,A2,system,OK
MOV-5450,ITEM-266,Kiểm kê,41,2024-01-18,,B1,ADMIN,
MOV-5450,ITEM-266,Kiểm kê,41,2024-01-18,,B1,ADMIN,
MOV-5452,ITEM-214,NHẬP,21,2024-02-13,PO-3038,B2,system,Urgent
MOV-5453,ITEM-269,ĐIỀU CHỈNH,14,2023-03-29,,B2,kho1,Kiểm tra lại
MOV-5454,ITEM-243,In,44,12/05/2024,PO-3109,C1,kho1,Kiểm tra lại
MOV-5455,ITEM-219,return,41,2023-02-02,PO-3195,A2,admin,
MOV-5456,ITEM-203,ĐIỀU CHỈNH,35,16/09/2023,,B1,system,
MOV-5457,ITEM-239,ĐIỀU CHỈNH,54,21/06/2024,,A1,admin,Kiểm tra lại
MOV-5458,ITEM-244,Adj,22,2023-07-23,,C1,ADMIN,
MOV-5459,ITEM-221,TRẢ HÀNG,46,03-02-2024,PO-3006,,KHO1,
MOV-5460,ITEM-219,import,94,2023-11-21,PO-3008,A1,ADMIN,Kiểm tra lại
MOV-5461,ITEM-234,export,1,06-04-2024,,B2,ADMIN,
MOV-5462,ITEM-213,in,96,12/07/2023,PO-3216,B1,kho1,
MOV-5463,ITEM-274,In,47,17-01-2023,PO-3155,B2,ADMIN,Kiểm tra lại
MOV-5464,ITEM-253,Out,46,12/03/2024,,A2,system,Kiểm tra lại
MOV-5465,ITEM-248,Nhập kho,77,16-06-2023,PO-3278,B2,ADMIN,OK
MOV-5466,ITEM-280,ADJUSTMENT,-12,2023-04-17,,A1,system,Urgent
MOV-5467,ITEM-280,OUT,82,30-03-2024,,B1,system,
MOV-5468,ITEM-229,ĐIỀU CHỈNH,71,26/01/2024,,B1,system,Kiểm tra lại
MOV-5469,ITEM-251,In,29,2024-06-03,PO-3146,,kho1,
MOV-5470,ITEM-254,IN,4,2023-06-07,PO-3192,B1,kho1,
MOV-5471,ITEM-256,Nhập kho,51,17/07/2023,PO-3202,,system,Urgent
MOV-5472,ITEM-223,Out,67,12/06/2023,,C1,admin,Urgent
MOV-5473,ITEM-274,ĐIỀU CHỈNH,98,2023-09-24,,A2,admin,
MOV-5473,ITEM-274,ĐIỀU CHỈNH,98,2023-09-24,,A2,admin,
MOV-5475,ITEM-270,Nhập kho,49,26/01/2023,PO-3067,A2,ADMIN,
MOV-5476,ITEM-239,Nhập kho,32,23-01-2024,PO-3134,A1,ADMIN,
MOV-5477,ITEM-214,NHẬP,77,06/05/2023,PO-3055,B2,kho2,
MOV-5478,ITEM-227,OUT,63,23-01-2023,,A1,kho1,Urgent
MOV-5479,ITEM-254,Out,82,06/04/2024,,A2,ADMIN,
MOV-5480,ITEM-278,ADJUSTMENT,16,18-12-2023,,C1,KHO1,
MOV-5481,ITEM-221,export,-33,05/05/2023,,C1,KHO1,
MOV-5482,ITEM-220,In,15,11/08/2023,PO-3016,B1,kho2,Kiểm tra lại
MOV-5483,ITEM-226,In,91,2023-10-29,PO-3240,A2,kho2,
MOV-5484,ITEM-226,Return,51,16/04/2023,PO-3299,,system,Kiểm tra lại
MOV-5485,ITEM-258,Xuất kho,96,06-10-2023,,B2,system,
MOV-5486,ITEM-273,In,81,07-03-2023,PO-3231,B2,kho2,
MOV-5487,ITEM-268,NHẬP,4,28/04/2023,PO-3093,A1,kho1,Urgent
MOV-5487,ITEM-268,NHẬP,4,28/04/2023,PO-3093,A1,kho1,Urgent
MOV-5489,ITEM-202,Return,28,2024-04-21,PO-3291,B1,KHO1,
MOV-5490,ITEM-268,IN,72,2023-10-12,PO-3039,B1,kho2,
MOV-5491,ITEM-226,NHẬP,64,2023-02-17,PO-3141,C1,system,
MOV-5492,ITEM-274,In,3,05-01-2023,PO-3237,C1,admin,OK
MOV-5493,ITEM-203,NHẬP,13,01-03-2024,PO-3155,B1,system,
MOV-5494,ITEM-207,Out,90,10/04/2024,,B1,KHO1,
MOV-5495,ITEM-204,IN,2,23/05/2023,PO-3054,A2,admin,
MOV-5496,ITEM-248,Kiểm kê,1,23/02/2023,,A1,kho2,
MOV-5497,ITEM-234,import,79,24/01/2024,PO-3139,A2,kho2,
MOV-5498,ITEM-219,Kiểm kê,53,02/04/2024,,C1,system,Urgent
MOV-5499,ITEM-263,In,99,2024-05-09,PO-3116,C1,kho1,Urgent
MOV-5500,ITEM-227,RETURN,10,2024-05-21,PO-3031,A2,system,
MOV-5501,ITEM-244,Nhập kho,98,2024-06-24,PO-3264,,kho1,
MOV-5502,ITEM-265,in,29,2024-01-08,PO-3198,A2,admin,OK
MOV-5503,ITEM-255,import,40,15/04/2023,PO-3076,B2,kho1,OK
MOV-5504,ITEM-204,export,68,08-04-2024,,A1,kho2,Kiểm tra lại
MOV-5505,ITEM-228,NHẬP,65,17/03/2024,PO-3261,,system,Urgent
MOV-5506,ITEM-255,In,25,2024-02-17,PO-3091,A1,ADMIN,
MOV-5507,ITEM-232,in,15,2023-02-24,PO-3019,A2,KHO1,Urgent
MOV-5508,ITEM-252,XUẤT,13,2023-08-14,,B2,kho1,
MOV-5509,ITEM-227,import,37,2023-10-22,PO-3002,,kho2,
MOV-5510,ITEM-231,In,88,13/03/2023,PO-3086,,system,Kiểm tra lại
MOV-5511,ITEM-243,in,34,2023-03-20,PO-3088,C1,admin,Kiểm tra lại
MOV-5512,ITEM-232,OUT,6,18/01/2023,,C1,KHO1,
MOV-5513,ITEM-219,ADJUSTMENT,13,2023-11-08,,,kho2,
MOV-5513,ITEM-219,ADJUSTMENT,13,2023-11-08,,,kho2,
MOV-5515,ITEM-246,import,43,14/06/2024,PO-3248,A2,system,
MOV-5516,ITEM-229,return,46,2024-05-24,PO-3016,A2,ADMIN,
MOV-5517,ITEM-225,export,14,2023-10-08,,C1,kho1,OK
MOV-5518,ITEM-245,NHẬP,76,2024-03-03,PO-3142,C1,admin,Kiểm tra lại
MOV-5519,ITEM-259,Out,37,23-04-2023,,A2,system,Urgent
MOV-5520,ITEM-220,Out,80,2023-06-16,,A1,system,
MOV-5521,ITEM-228,Nhập kho,16,24/02/2023,PO-3251,A1,kho2,
MOV-5522,ITEM-245,Nhập kho,86,2023-06-08,PO-3045,C1,admin,OK
MOV-5523,ITEM-229,NHẬP,46,2023-09-12,PO-3198,B1,KHO1,OK
MOV-5524,ITEM-223,XUẤT,87,27/11/2023,,B1,kho1,Kiểm tra lại
MOV-5525,ITEM-271,In,40,2023-03-29,PO-3153,B2,admin,
MOV-5526,ITEM-268,export,41,2024-05-30,,B1,system,Kiểm tra lại
MOV-5527,ITEM-254,XUẤT,4,28/01/2023,,C1,kho2,
MOV-5528,ITEM-232,Xuất kho,48,2023-05-11,,A1,system,
MOV-5529,ITEM-252,RETURN,60,14-06-2024,PO-3236,A1,kho2,
MOV-5530,ITEM-213,Adj,73,08/05/2024,,,KHO1,Urgent
MOV-5531,ITEM-266,RETURN,90,29/07/2023,PO-3265,,ADMIN,
MOV-5532,ITEM-220,import,40,07/01/2023,PO-3249,C1,admin,
MOV-5533,ITEM-213,in,14,30/04/2024,PO-3013,B1,system,Kiểm tra lại
MOV-5534,ITEM-224,adjustment,70,24-09-2023,,C1,admin,Kiểm tra lại
MOV-5535,ITEM-219,RETURN,24,2023-05-26,PO-3124,B2,kho2,OK
MOV-5536,ITEM-213,XUẤT,48,09/10/2023,,B2,system,
MOV-5537,ITEM-255,IN,-37,13-04-2024,PO-3062,,ADMIN,
MOV-5538,ITEM-257,In,18,24-04-2024,PO-3235,A2,kho2,Urgent
MOV-5539,ITEM-268,Xuất kho,9,28-06-2023,,C1,kho2,Kiểm tra lại
MOV-5540,ITEM-218,import,39,2024-02-08,PO-3035,C1,ADMIN,
MOV-5541,ITEM-274,Trả NCC,100,2024-06-22,PO-3133,C1,KHO1,
MOV-5542,ITEM-252,IN,4,2023-06-12,PO-3119,B1,kho1,
MOV-5543,ITEM-231,in,94,29/01/2024,PO-3216,,admin,Kiểm tra lại
MOV-5544,ITEM-248,export,4,2023-06-28,,A2,ADMIN,
MOV-5545,ITEM-272,in,33,2024-05-17,PO-3225,C1,kho1,
MOV-5546,ITEM-275,import,86,2023-04-09,PO-9792,C1,KHO1,
MOV-5547,ITEM-210,in,88,24-06-2024,PO-3255,B1,kho2,
MOV-5548,ITEM-272,adjustment,9,25/03/2024,,C1,admin,
MOV-5549,ITEM-267,IN,16,2024-05-25,PO-9841,B1,system,Urgent
MOV-5550,ITEM-246,in,37,18-03-2023,PO-3274,B1,system,
MOV-5551,ITEM-208,export,15,27-04-2024,,A1,admin,OK
MOV-5552,ITEM-254,in,43,02-03-2023,PO-3072,A1,kho1,Kiểm tra lại
MOV-5553,ITEM-210,Kiểm kê,79,2023-02-06,,C1,ADMIN,
MOV-5554,ITEM-211,XUẤT,17,2023-10-05,,C1,kho1,Urgent
MOV-5554,ITEM-211,XUẤT,17,2023-10-05,,C1,kho1,Urgent
MOV-5556,ITEM-208,in,69,24-01-2024,PO-3010,A2,system,Urgent
MOV-5557,ITEM-255,out,15,2024-03-24,,B1,kho1,OK
MOV-5558,ITEM-256,in,30,05-04-2023,PO-3006,C1,admin,
MOV-5559,ITEM-202,adjustment,8,2023-03-20,,A1,kho2,OK
MOV-5560,ITEM-278,return,38,2023-05-13,PO-3204,C1,kho1,Kiểm tra lại
MOV-5561,ITEM-246,adjustment,57,2023-11-06,,,kho1,
MOV-5562,ITEM-235,import,70,30-05-2024,PO-3054,B2,kho2,
MOV-5563,ITEM-227,Nhập kho,30,09/11/2023,PO-3284,A1,kho1,Urgent
MOV-5564,ITEM-257,TRẢ HÀNG,15,2023-01-22,PO-3256,A1,admin,OK
MOV-5565,ITEM-279,XUẤT,3,27/01/2024,,B2,kho1,Urgent
MOV-5566,ITEM-256,OUT,85,09/11/2023,,C1,kho2,
MOV-5567,ITEM-234,Kiểm kê,28,2023-01-29,,B2,ADMIN,Urgent
MOV-5568,ITEM-208,ADJUSTMENT,71,2024-02-02,,C1,system,Kiểm tra lại
MOV-5569,ITEM-274,Trả NCC,99,15/06/2024,PO-3134,A2,admin,OK
MOV-5570,ITEM-236,in,99,2023-10-30,PO-3173,,kho2,
MOV-5571,ITEM-278,IN,40,2023-11-25,PO-9009,A1,kho2,Kiểm tra lại
MOV-5572,ITEM-272,NHẬP,8,2023-03-23,PO-3142,A2,kho2,
MOV-5573,ITEM-236,NHẬP,17,21/08/2023,PO-3090,,admin,
MOV-5574,ITEM-265,ĐIỀU CHỈNH,75,21/11/2023,,,kho2,OK
MOV-5575,ITEM-203,Return,70,15-02-2023,PO-3121,A1,kho1,
MOV-5576,ITEM-242,Out,88,2024-03-01,,A2,admin,OK
MOV-5577,ITEM-278,Adj,43,2024-02-22,,C1,admin,
MOV-5578,ITEM-248,In,20,27-01-2023,PO-3055,C1,KHO1,Urgent
MOV-5579,ITEM-245,NHẬP,75,03/02/2023,PO-3077,A2,KHO1,
MOV-5580,ITEM-274,Trả NCC,94,04/03/2024,PO-3276,C1,system,Urgent
MOV-5581,ITEM-268,XUẤT,41,03/10/2023,,B1,kho1,
MOV-5582,ITEM-247,NHẬP,41,29/04/2023,PO-3124,B1,KHO1,
MOV-5583,ITEM-210,import,62,24/08/2023,PO-3230,C1,kho1,
MOV-5584,ITEM-253,Trả NCC,86,2023-05-22,PO-3134,B2,KHO1,
MOV-5585,ITEM-274,export,99,22/07/2023,,A2,admin,Kiểm tra lại
MOV-5586,ITEM-234,Kiểm kê,92,26/04/2024,,B2,admin,Urgent
MOV-5587,ITEM-222,in,66,26-06-2024,PO-3199,A2,ADMIN,OK
MOV-5588,ITEM-216,In,76,2023-04-21,PO-3024,,system,Urgent
MOV-5589,ITEM-256,NHẬP,90,18-05-2023,PO-3094,A1,kho1,
MOV-5590,ITEM-276,Out,87,09-04-2024,,,KHO1,OK
MOV-5591,ITEM-213,In,64,2023-12-16,PO-3025,B1,kho2,Kiểm tra lại
MOV-5592,ITEM-241,adjustment,19,12-02-2023,,A2,system,
MOV-5593,ITEM-236,Xuất kho,41,2023-04-12,,B1,system,Kiểm tra lại
MOV-5594,ITEM-229,In,34,19-04-2023,PO-3119,A2,admin,
MOV-5595,ITEM-206,Xuất kho,25,2023-01-07,,A2,kho2,
MOV-5596,ITEM-255,TRẢ HÀNG,67,10/05/2023,PO-3233,B2,system,Kiểm tra lại
MOV-5597,ITEM-234,in,36,30/04/2023,PO-3182,B1,kho1,
MOV-5598,ITEM-243,NHẬP,81,2024-06-09,PO-3038,A1,ADMIN,
MOV-5599,ITEM-267,in,72,06/02/2023,PO-3005,,kho1,OK
MOV-5600,ITEM-261,NHẬP,24,23-05-2024,PO-3145,,ADMIN,
MOV-5601,ITEM-201,OUT,63,02-08-2023,,B1,KHO1,Kiểm tra lại
MOV-5602,ITEM-275,import,45,10/05/2024,PO-3272,B1,ADMIN,Kiểm tra lại
MOV-5603,ITEM-263,ĐIỀU CHỈNH,77,01/01/2024,,A1,kho2,Kiểm tra lại
MOV-5604,ITEM-258,in,85,2024-03-11,PO-3060,,system,Urgent
MOV-5605,ITEM-217,ĐIỀU CHỈNH,-63,2024-02-26,,C1,kho1,
MOV-5606,ITEM-253,Nhập kho,99,2023-11-27,PO-3134,B2,kho2,
MOV-5607,ITEM-235,export,29,2023-12-14,,B2,kho1,
MOV-5608,ITEM-222,out,100,2023-04-23,,A2,KHO1,
MOV-5609,ITEM-203,RETURN,49,03-04-2023,PO-3171,A1,KHO1,
MOV-5610,ITEM-247,out,21,10/02/2024,,B1,kho2,Kiểm tra lại
MOV-5611,ITEM-228,export,-32,14-01-2023,,A1,KHO1,Kiểm tra lại
MOV-5612,ITEM-263,in,37,2023-11-05,PO-3013,,admin,
MOV-5613,ITEM-249,TRẢ HÀNG,17,04-10-2023,PO-3044,B2,admin,
MOV-5614,ITEM-270,out,13,2024-02-05,,B1,system,
MOV-5615,ITEM-203,In,59,2023-07-27,PO-3052,B2,admin,
MOV-5616,ITEM-253,Out,62,19/10/2023,,B2,admin,Kiểm tra lại
MOV-5617,ITEM-251,Nhập kho,92,21/04/2023,PO-3232,B2,kho2,Kiểm tra lại
MOV-5618,ITEM-273,import,40,07/12/2023,PO-3074,A2,system,
MOV-5619,ITEM-232,in,52,2024-04-29,PO-3268,B1,system,OK
MOV-5620,ITEM-244,adjustment,5,26/11/2023,,B1,ADMIN,
MOV-5621,ITEM-272,ĐIỀU CHỈNH,70,2024-05-26,,B2,ADMIN,Kiểm tra lại
MOV-5622,ITEM-266,export,94,25/03/2023,,B2,kho1,
MOV-5623,ITEM-202,Nhập kho,96,2023-05-05,PO-3086,B2,kho1,Urgent
MOV-5624,ITEM-268,out,96,2024-03-04,,B1,ADMIN,Urgent
MOV-5625,ITEM-235,Out,79,2024-01-16,,C1,ADMIN,
MOV-5626,ITEM-279,Return,67,15-09-2023,PO-3242,A2,kho1,
MOV-5627,ITEM-261,In,54,03/07/2023,PO-9718,A2,ADMIN,
MOV-5628,ITEM-269,Out,13,04/03/2023,,B1,ADMIN,
MOV-5629,ITEM-229,import,2,17-07-2023,PO-3141,B1,kho2,
MOV-5630,ITEM-252,Nhập kho,70,27/07/2023,PO-3040,B1,KHO1,
MOV-5631,ITEM-217,Kiểm kê,76,28-01-2024,,C1,kho2,
MOV-5632,ITEM-279,TRẢ HÀNG,27,22-06-2023,PO-3002,A2,kho1,
MOV-5633,ITEM-261,ADJUSTMENT,42,21-03-2023,,B2,system,Urgent
MOV-5634,ITEM-261,In,65,2023-05-01,PO-3124,B1,kho2,
MOV-5635,ITEM-267,Nhập kho,11,2023-08-08,PO-3086,C1,system,Kiểm tra lại
MOV-5636,ITEM-233,RETURN,72,21-03-2024,PO-3179,B1,ADMIN,Kiểm tra lại
MOV-5637,ITEM-228,Xuất kho,25,27/01/2024,,A2,system,OK
MOV-5638,ITEM-268,IN,76,14/11/2023,PO-3169,C1,kho2,
MOV-5639,ITEM-236,TRẢ HÀNG,51,14/02/2023,PO-3130,,system,
MOV-5640,ITEM-259,out,-61,17-04-2023,,A2,ADMIN,Urgent
MOV-5641,ITEM-223,adjustment,11,2024-03-05,,,ADMIN,
MOV-5642,ITEM-241,Nhập kho,36,18-07-2023,PO-3009,A2,KHO1,Urgent
MOV-5643,ITEM-247,OUT,86,17/02/2024,,A1,kho1,
MOV-5644,ITEM-265,import,35,27-03-2023,PO-3089,B2,kho1,Urgent
MOV-5645,ITEM-201,In,72,26-12-2023,PO-3061,B2,admin,
MOV-5646,ITEM-212,import,12,10/07/2023,PO-3163,A2,ADMIN,OK
MOV-5647,ITEM-259,import,32,2023-11-12,PO-3098,,kho2,
MOV-5648,ITEM-236,Nhập kho,41,2024-02-28,PO-3116,B1,ADMIN,Kiểm tra lại
MOV-5649,ITEM-234,NHẬP,46,08-01-2024,PO-3179,A2,admin,
MOV-5650,ITEM-275,out,69,04-08-2023,,,kho2,
MOV-5651,ITEM-244,Trả NCC,71,2023-10-03,PO-3047,A1,admin,
MOV-5652,ITEM-224,out,60,27-11-2023,,A1,kho2,Urgent
MOV-5653,ITEM-214,Return,2,12/06/2023,PO-3216,B1,kho2,
MOV-5654,ITEM-260,out,97,23-01-2023,,C1,ADMIN,Kiểm tra lại
MOV-5655,ITEM-252,out,33,2024-01-18,,B1,admin,
MOV-5656,ITEM-265,NHẬP,-55,2023-10-03,PO-3296,C1,ADMIN,
MOV-5657,ITEM-226,out,17,08/12/2023,,B1,kho1,
MOV-5657,ITEM-226,out,17,08/12/2023,,B1,kho1,
MOV-5659,ITEM-219,in,39,11-11-2023,PO-3042,A2,kho1,Urgent
MOV-5660,ITEM-272,Adj,1,03-05-2024,,,system,Urgent
MOV-5661,ITEM-228,export,49,19/04/2024,,B2,kho1,OK
MOV-5662,ITEM-218,Out,37,2024-03-10,,B2,ADMIN,Urgent
MOV-5663,ITEM-276,in,78,02-07-2023,PO-3121,C1,system,
MOV-5664,ITEM-230,NHẬP,25,15/02/2023,PO-3109,B2,kho1,OK
MOV-5665,ITEM-240,export,62,05/02/2023,,A2,system,Urgent
MOV-5666,ITEM-267,ADJUSTMENT,60,26-03-2023,,B2,admin,
MOV-5666,ITEM-267,ADJUSTMENT,60,26-03-2023,,B2,admin,
MOV-5668,ITEM-252,OUT,39,11-03-2024,,B2,KHO1,OK
MOV-5669,ITEM-261,Return,69,2024-01-09,PO-3058,,admin,
MOV-5670,ITEM-201,import,76,2023-09-22,PO-3102,A1,system,OK
MOV-5671,ITEM-206,NHẬP,59,2024-01-11,PO-3026,,kho2,
MOV-5672,ITEM-204,Out,-23,2023-10-28,,B1,ADMIN,
MOV-5673,ITEM-277,In,94,07/02/2023,PO-3273,A2,ADMIN,
MOV-5674,ITEM-264,Out,45,14-04-2024,,C1,KHO1,Kiểm tra lại
MOV-5675,ITEM-206,In,48,09/02/2023,PO-3076,B2,KHO1,Urgent
MOV-5676,ITEM-211,import,96,06-11-2023,PO-3217,,ADMIN,
MOV-5677,ITEM-256,in,74,25-09-2023,PO-3156,A1,kho2,
MOV-5678,ITEM-261,NHẬP,36,10/07/2023,PO-3142,,kho2,OK
MOV-5679,ITEM-201,out,3,2024-02-29,,C1,ADMIN,OK
MOV-5680,ITEM-213,in,3,2023-11-29,PO-3114,C1,system,Urgent
MOV-5680,ITEM-213,in,3,2023-11-29,PO-3114,C1,system,Urgent
MOV-5682,ITEM-244,In,57,05/06/2023,PO-3237,,system,OK
MOV-5683,ITEM-252,import,74,22-03-2023,PO-3250,B1,kho2,OK
MOV-5684,ITEM-241,export,60,31-01-2023,,B1,KHO1,Kiểm tra lại
MOV-5685,ITEM-254,ADJUSTMENT,97,18/10/2023,,B2,KHO1,
MOV-5686,ITEM-249,OUT,13,10-02-2024,,B1,kho1,
MOV-5687,ITEM-221,ĐIỀU CHỈNH,71,23-02-2024,,B1,kho2,
MOV-5688,ITEM-247,RETURN,86,2023-11-22,PO-3258,B2,kho2,
MOV-5689,ITEM-258,in,52,23/10/2023,PO-3002,,admin,Kiểm tra lại
MOV-5690,ITEM-275,TRẢ HÀNG,54,25-02-2024,PO-3097,C1,admin,
MOV-5691,ITEM-274,TRẢ HÀNG,3,2023-11-29,PO-3128,A1,ADMIN,
MOV-5692,ITEM-250,Xuất kho,25,15/06/2023,,A2,system,Urgent
MOV-5693,ITEM-226,in,38,08-03-2023,PO-3016,B2,kho1,
MOV-5694,ITEM-223,Xuất kho,83,24/04/2023,,A2,system,Urgent
MOV-5695,ITEM-209,import,5,2024-02-21,PO-3267,B1,ADMIN,
MOV-5696,ITEM-216,Trả NCC,83,2024-06-30,PO-3013,,admin,OK
MOV-5697,ITEM-252,Trả NCC,81,26-03-2024,PO-3220,A1,ADMIN,
MOV-5698,ITEM-247,export,44,26/05/2023,,B1,admin,OK
MOV-5699,ITEM-210,export,63,08-09-2023,,B2,kho2,
MOV-5700,ITEM-258,Return,73,09/10/2023,PO-3019,B1,KHO1,OK
MOV-5701,ITEM-238,import,21,09-11-2023,PO-3244,A2,kho1,
MOV-5701,ITEM-238,import,21,09-11-2023,PO-3244,A2,kho1,
MOV-5703,ITEM-228,Out,19,13-01-2023,,C1,system,Kiểm tra lại
MOV-5704,ITEM-280,In,83,2023-06-09,PO-3257,,kho1,
MOV-5704,ITEM-280,In,83,2023-06-09,PO-3257,,kho1,
MOV-5706,ITEM-209,in,40,31/07/2023,PO-3115,,kho1,OK
MOV-5707,ITEM-264,Xuất kho,82,13-01-2023,,A2,ADMIN,
MOV-5708,ITEM-247,RETURN,52,12-04-2023,PO-3169,C1,admin,
MOV-5709,ITEM-208,Xuất kho,67,11/09/2023,,,ADMIN,
MOV-5710,ITEM-232,import,92,12/04/2024,PO-3091,,kho1,Urgent
MOV-5711,ITEM-209,Nhập kho,39,2023-03-04,PO-3107,A1,KHO1,
MOV-5712,ITEM-207,import,10,21-07-2023,PO-3245,C1,kho1,
MOV-5713,ITEM-263,Nhập kho,2,16-03-2024,PO-3058,,KHO1,
MOV-5714,ITEM-259,In,97,21-02-2024,PO-3139,B1,ADMIN,OK
MOV-5715,ITEM-234,Kiểm kê,32,2023-12-16,,,system,
MOV-5716,ITEM-224,OUT,41,05/06/2024,,B2,ADMIN,OK
MOV-5717,ITEM-213,ĐIỀU CHỈNH,44,07/07/2023,,A2,kho2,
MOV-5718,ITEM-240,Nhập kho,61,2023-04-16,PO-3154,A2,kho1,
MOV-5719,ITEM-251,adjustment,21,2023-06-10,,,KHO1,
MOV-5720,ITEM-254,Adj,30,2023-09-27,,B1,kho1,OK
MOV-5721,ITEM-243,Return,96,19/11/2023,PO-3231,B2,admin,Kiểm tra lại
MOV-5722,ITEM-246,return,59,2023-10-08,PO-3010,B1,kho2,
MOV-5723,ITEM-242,XUẤT,42,2023-07-24,,B1,admin,
MOV-5724,ITEM-232,In,93,2024-05-06,PO-3241,,ADMIN,Kiểm tra lại
MOV-5725,ITEM-232,Nhập kho,76,2024-01-20,PO-3031,B2,kho2,
MOV-5726,ITEM-261,import,10,29-11-2023,PO-3212,A2,KHO1,
MOV-5727,ITEM-257,In,74,24/09/2023,PO-9790,,ADMIN,Urgent
MOV-5728,ITEM-241,Adj,99,2024-04-01,,B2,kho1,Kiểm tra lại
MOV-5729,ITEM-247,in,87,23-09-2023,PO-3131,B2,system,Kiểm tra lại
MOV-5730,ITEM-263,ADJUSTMENT,68,03/03/2023,,C1,system,
MOV-5731,ITEM-265,Adj,69,18/05/2024,,,admin,
MOV-5732,ITEM-212,OUT,69,12/06/2023,,C1,system,
MOV-5733,ITEM-225,ADJUSTMENT,99,17-03-2024,,A2,ADMIN,OK
MOV-5734,ITEM-210,import,74,2023-12-14,PO-3233,A1,system,
MOV-5735,ITEM-238,Nhập kho,50,20/01/2023,PO-3005,C1,ADMIN,
MOV-5736,ITEM-242,XUẤT,84,2023-07-25,,,KHO1,
MOV-5737,ITEM-225,adjustment,-27,12-11-2023,,A1,kho1,
MOV-5738,ITEM-245,In,41,24/08/2023,PO-3107,A2,kho2,
MOV-5739,ITEM-218,OUT,49,27-01-2023,,A2,system,
MOV-5740,ITEM-258,XUẤT,26,30/07/2023,,A1,kho1,
MOV-5741,ITEM-275,Trả NCC,16,16-06-2023,PO-3108,B1,system,
MOV-5742,ITEM-227,Nhập kho,47,2024-05-04,PO-9389,B2,admin,OK
MOV-5743,ITEM-247,IN,56,2023-11-04,PO-3118,B2,admin,OK
MOV-5743,ITEM-247,IN,56,2023-11-04,PO-3118,B2,admin,OK
MOV-5745,ITEM-267,in,89,26-04-2024,PO-3020,B1,kho2,
MOV-5746,ITEM-254,adjustment,54,26/06/2023,,,ADMIN,
MOV-5747,ITEM-247,in,4,2024-05-24,PO-3105,C1,kho2,
MOV-5748,ITEM-204,IN,61,05-02-2023,PO-3074,,KHO1,
MOV-5749,ITEM-221,IN,45,2023-08-17,PO-3048,B2,KHO1,Kiểm tra lại
MOV-5750,ITEM-218,Kiểm kê,82,2023-01-01,,A2,kho2,Urgent
MOV-5751,ITEM-270,Nhập kho,86,09/04/2023,PO-3245,A2,KHO1,
MOV-5752,ITEM-219,import,11,2023-04-08,PO-3207,A2,ADMIN,Urgent
MOV-5753,ITEM-239,import,60,16/06/2024,PO-3265,B1,system,OK
MOV-5754,ITEM-219,export,5,30/01/2024,,A1,kho1,Urgent
MOV-5755,ITEM-205,adjustment,21,2024-02-11,,B1,kho1,Urgent
MOV-5756,ITEM-274,XUẤT,28,09/04/2024,,,kho2,Urgent
MOV-5757,ITEM-266,In,24,19-09-2023,PO-3175,A1,ADMIN,
MOV-5758,ITEM-244,Kiểm kê,34,06/03/2023,,C1,kho1,
MOV-5759,ITEM-230,OUT,16,2023-10-30,,B2,KHO1,
MOV-5760,ITEM-265,NHẬP,66,19-07-2023,PO-9751,B1,KHO1,
MOV-5761,ITEM-220,Xuất kho,68,18/02/2023,,,KHO1,
MOV-5762,ITEM-248,IN,88,19-06-2023,PO-3116,B2,kho1,OK
MOV-5763,ITEM-207,Out,50,2024-06-18,,B1,kho1,Urgent
MOV-5764,ITEM-239,IN,33,16/11/2023,PO-3107,B2,kho1,
MOV-5765,ITEM-262,adjustment,98,2023-09-06,,B2,KHO1,
MOV-5766,ITEM-232,Adj,10,2023-08-20,,A1,ADMIN,Urgent
MOV-5767,ITEM-275,return,27,30-03-2024,PO-9120,B1,KHO1,
MOV-5768,ITEM-277,out,85,24-03-2024,,C1,system,
MOV-5769,ITEM-210,Adj,35,11/02/2023,,,system,Kiểm tra lại
MOV-5770,ITEM-275,import,89,13-05-2024,PO-3150,C1,kho2,
MOV-5771,ITEM-264,ĐIỀU CHỈNH,54,2023-02-28,,,ADMIN,OK
MOV-5772,ITEM-233,Trả NCC,43,2024-03-05,PO-3129,A2,KHO1,Kiểm tra lại
MOV-5773,ITEM-229,XUẤT,86,30-09-2023,,B2,KHO1,
MOV-5774,ITEM-273,Xuất kho,67,27-01-2024,,A1,KHO1,
MOV-5775,ITEM-216,adjustment,47,07/03/2024,,B1,ADMIN,
MOV-5776,ITEM-257,ĐIỀU CHỈNH,74,19-06-2024,,,system,Urgent
MOV-5777,ITEM-204,Nhập kho,24,25-01-2023,PO-3169,B2,kho2,OK
MOV-5778,ITEM-245,in,36,01/04/2024,PO-3025,A2,KHO1,
MOV-5779,ITEM-271,Return,95,15/02/2024,PO-3179,B1,kho2,
MOV-5780,ITEM-269,return,41,10-11-2023,PO-3052,B2,ADMIN,
MOV-5781,ITEM-249,In,91,12/05/2024,PO-3180,A2,kho2,
MOV-5782,ITEM-215,Nhập kho,40,02-06-2024,PO-3287,,admin,
MOV-5783,ITEM-212,import,77,19/02/2024,PO-3135,B2,admin,
MOV-5784,ITEM-238,Xuất kho,11,28/11/2023,,A2,KHO1,
MOV-5785,ITEM-236,NHẬP,29,13/08/2023,PO-3126,A1,kho2,
MOV-5786,ITEM-203,Kiểm kê,62,25-03-2024,,A2,system,
MOV-5787,ITEM-267,XUẤT,81,2024-02-01,,B1,system,OK
MOV-5788,ITEM-247,In,70,01-01-2024,PO-3040,A2,KHO1,
MOV-5789,ITEM-217,Nhập kho,91,02-05-2024,PO-3275,B1,ADMIN,Urgent
MOV-5790,ITEM-271,adjustment,60,03-10-2023,,B2,system,
MOV-5791,ITEM-256,in,3,04-04-2024,PO-3287,A2,admin,Urgent
MOV-5792,ITEM-246,import,36,16/09/2023,PO-3015,B2,kho1,Urgent
MOV-5793,ITEM-258,Nhập kho,90,2023-11-08,PO-3170,A2,KHO1,Urgent
MOV-5794,ITEM-276,IN,79,24/02/2023,PO-3184,C1,system,Urgent
MOV-5794,ITEM-276,IN,79,24/02/2023,PO-3184,C1,system,Urgent
MOV-5796,ITEM-264,RETURN,43,2023-04-02,PO-3049,B2,system,Urgent
MOV-5797,ITEM-261,In,24,2023-04-09,PO-3160,A1,kho1,OK
MOV-5798,ITEM-252,in,45,25-03-2023,PO-3174,A1,KHO1,
MOV-5798,ITEM-252,in,45,25-03-2023,PO-3174,A1,KHO1,
MOV-5800,ITEM-250,IN,73,19/01/2024,PO-3036,C1,kho1,OK
MOV-5801,ITEM-213,adjustment,77,19-01-2024,,A2,KHO1,
MOV-5802,ITEM-257,Nhập kho,5,04-05-2023,PO-3160,C1,kho1,
MOV-5803,ITEM-264,Nhập kho,20,2023-12-12,PO-3233,A1,ADMIN,
MOV-5804,ITEM-209,in,47,25/05/2023,PO-3123,B1,admin,Kiểm tra lại
MOV-5805,ITEM-276,Nhập kho,12,25-11-2023,PO-3270,,kho1,OK
MOV-5806,ITEM-242,NHẬP,98,22/07/2023,PO-3150,B2,admin,Kiểm tra lại
MOV-5807,ITEM-214,Nhập kho,62,03-02-2024,PO-3157,,admin,
MOV-5808,ITEM-206,IN,40,2023-06-27,PO-3161,B2,kho1,OK
MOV-5809,ITEM-269,import,56,04/06/2024,PO-3269,A2,admin,Kiểm tra lại
MOV-5810,ITEM-224,import,41,16/03/2023,PO-3105,B2,kho1,Urgent
MOV-5811,ITEM-215,IN,31,2023-12-05,PO-3091,A1,kho1,
MOV-5812,ITEM-277,Nhập kho,86,2023-09-22,PO-3217,A2,ADMIN,Urgent
MOV-5813,ITEM-235,export,2,01/03/2024,,B2,kho2,
MOV-5814,ITEM-202,TRẢ HÀNG,6,04/04/2024,PO-3066,A2,system,
MOV-5815,ITEM-224,Out,22,20-09-2023,,B2,kho2,
MOV-5816,ITEM-237,Nhập kho,34,22/04/2023,PO-3062,C1,system,
MOV-5817,ITEM-217,OUT,61,2024-05-05,,A2,admin,
MOV-5818,ITEM-209,NHẬP,79,15-01-2024,PO-3225,C1,kho1,
MOV-5819,ITEM-227,Return,6,2023-01-15,PO-3079,B2,kho1,Urgent
MOV-5820,ITEM-208,XUẤT,20,26-10-2023,,A2,kho2,Urgent
MOV-5821,ITEM-257,NHẬP,9,2023-09-09,PO-3271,A1,admin,Urgent
MOV-5822,ITEM-209,Xuất kho,69,2023-01-18,,B1,admin,
MOV-5823,ITEM-214,return,1,26/01/2024,PO-3002,A2,ADMIN,
MOV-5824,ITEM-273,OUT,3,2024-05-02,,,KHO1,Kiểm tra lại
MOV-5825,ITEM-258,return,88,17/05/2024,PO-3129,B2,KHO1,OK
MOV-5826,ITEM-229,In,82,28/06/2023,PO-3199,B2,kho2,
MOV-5827,ITEM-206,XUẤT,91,21-08-2023,,B1,kho1,Kiểm tra lại
MOV-5828,ITEM-254,XUẤT,94,2024-04-08,,B1,kho2,Urgent
MOV-5829,ITEM-252,import,68,30-07-2023,PO-3126,,KHO1,OK
MOV-5830,ITEM-260,XUẤT,48,11/11/2023,,C1,ADMIN,Kiểm tra lại
MOV-5831,ITEM-239,Kiểm kê,53,22/02/2023,,,system,
MOV-5832,ITEM-256,NHẬP,4,31-07-2023,PO-3198,C1,kho1,Urgent
MOV-5833,ITEM-252,out,20,26-02-2024,,A2,system,OK
MOV-5834,ITEM-279,Kiểm kê,68,06/02/2023,,A1,admin,
MOV-5835,ITEM-207,IN,41,01/01/2024,PO-3104,B1,KHO1,OK
MOV-5836,ITEM-275,ĐIỀU CHỈNH,61,13/12/2023,,C1,kho1,
MOV-5837,ITEM-221,OUT,69,2024-02-24,,,kho2,Urgent
MOV-5838,ITEM-232,import,19,2024-03-31,PO-3050,B2,kho1,
MOV-5839,ITEM-203,export,47,27/03/2024,,B2,ADMIN,
MOV-5840,ITEM-245,IN,48,12/03/2023,PO-3091,A1,ADMIN,
MOV-5840,ITEM-245,IN,48,12/03/2023,PO-3091,A1,ADMIN,
MOV-5842,ITEM-276,out,47,16-09-2023,,A1,system,OK
MOV-5843,ITEM-222,import,31,10-11-2023,PO-3135,,system,Urgent
MOV-5844,ITEM-211,Nhập kho,-5,2023-05-14,PO-3006,B2,system,
MOV-5845,ITEM-235,TRẢ HÀNG,43,2024-01-11,PO-3263,A2,kho2,Urgent
MOV-5846,ITEM-234,out,63,16-10-2023,,A1,ADMIN,OK
MOV-5847,ITEM-266,IN,17,20/04/2023,PO-3125,A1,admin,
MOV-5848,ITEM-202,Return,80,14-03-2023,PO-3080,B1,ADMIN,
MOV-5849,ITEM-279,IN,91,23-05-2023,PO-3103,A1,admin,Kiểm tra lại
MOV-5850,ITEM-230,IN,92,23/03/2023,PO-3199,,system,
MOV-5851,ITEM-224,Out,94,04/03/2023,,A2,kho1,OK
MOV-5852,ITEM-219,Xuất kho,25,07/05/2023,,B1,kho1,
MOV-5853,ITEM-251,Trả NCC,38,2024-02-27,PO-3260,,kho1,
MOV-5854,ITEM-201,Return,37,15/06/2023,PO-3034,C1,system,
MOV-5855,ITEM-258,import,87,01-04-2023,PO-3164,C1,ADMIN,
MOV-5856,ITEM-273,import,41,2024-04-06,PO-3184,B1,KHO1,Urgent
MOV-5857,ITEM-225,Nhập kho,22,2023-02-13,PO-3181,B2,system,Kiểm tra lại
MOV-5858,ITEM-220,import,97,2024-01-30,PO-3215,,kho1,Kiểm tra lại
MOV-5859,ITEM-247,NHẬP,85,2023-06-26,PO-3078,B2,kho1,OK
MOV-5860,ITEM-244,IN,64,06/02/2024,PO-3082,A2,system,
MOV-5861,ITEM-264,XUẤT,21,14/05/2024,,A1,kho2,Urgent
MOV-5862,ITEM-262,Out,19,29/08/2023,,B2,system,
MOV-5863,ITEM-240,return,44,2023-11-15,PO-3220,,kho2,
MOV-5864,ITEM-217,Nhập kho,61,2023-03-06,PO-3010,,kho1,
MOV-5865,ITEM-241,TRẢ HÀNG,36,2023-12-15,PO-3296,,KHO1,
MOV-5866,ITEM-276,out,32,2024-05-15,,C1,admin,Kiểm tra lại
MOV-5867,ITEM-219,Out,11,25-06-2024,,B1,admin,Kiểm tra lại
MOV-5868,ITEM-250,adjustment,99,10/10/2023,,B2,kho1,
MOV-5869,ITEM-201,In,80,2024-05-09,PO-3288,C1,KHO1,
MOV-5870,ITEM-225,Xuất kho,16,30/10/2023,,C1,KHO1,OK
MOV-5871,ITEM-232,ĐIỀU CHỈNH,55,2023-01-12,,A1,admin,Urgent
MOV-5872,ITEM-254,In,60,2023-06-01,PO-3229,A1,kho2,Kiểm tra lại
MOV-5873,ITEM-236,import,78,09/04/2024,PO-3146,A1,kho2,
MOV-5873,ITEM-236,import,78,09/04/2024,PO-3146,A1,kho2,
MOV-5875,ITEM-256,Return,51,2023-07-02,PO-3168,C1,KHO1,
MOV-5876,ITEM-266,import,92,16-05-2023,PO-3255,A2,ADMIN,
MOV-5877,ITEM-212,Adj,46,13/12/2023,,B2,system,
MOV-5878,ITEM-208,XUẤT,83,10/02/2024,,A2,system,
MOV-5879,ITEM-215,Adj,30,03/09/2023,,A1,ADMIN,
MOV-5880,ITEM-229,OUT,6,13/08/2023,,C1,kho2,OK
MOV-5881,ITEM-250,ĐIỀU CHỈNH,3,06-06-2024,,,ADMIN,Kiểm tra lại
MOV-5882,ITEM-271,IN,26,06/02/2023,PO-3107,C1,kho2,
MOV-5883,ITEM-222,out,20,2023-01-08,,B1,KHO1,OK
MOV-5884,ITEM-266,out,26,2023-09-20,,B2,admin,Urgent
MOV-5885,ITEM-237,OUT,58,08/06/2024,,A1,system,
MOV-5886,ITEM-214,return,26,02/11/2023,PO-3110,,ADMIN,
MOV-5886,ITEM-214,return,26,02/11/2023,PO-3110,,ADMIN,
MOV-5888,ITEM-202,in,43,2023-07-31,PO-3256,C1,kho1,Kiểm tra lại
MOV-5889,ITEM-262,Xuất kho,37,12/09/2023,,A1,KHO1,
MOV-5890,ITEM-202,IN,39,2024-03-31,PO-3196,A2,ADMIN,
MOV-5891,ITEM-255,Return,10,2023-10-14,PO-9122,A2,kho2,Kiểm tra lại
MOV-5892,ITEM-227,import,96,2023-02-01,PO-3244,C1,ADMIN,
MOV-5893,ITEM-235,IN,90,06-05-2024,PO-3033,B2,admin,
MOV-5894,ITEM-264,XUẤT,53,29/06/2023,,,admin,
MOV-5895,ITEM-236,Return,-93,05/05/2024,PO-3104,A2,ADMIN,Kiểm tra lại
MOV-5896,ITEM-201,RETURN,73,21-03-2024,PO-3287,A1,kho2,OK
MOV-5897,ITEM-212,Out,59,2024-04-28,,,KHO1,
MOV-5898,ITEM-219,import,82,2023-12-22,PO-3209,B1,kho1,
MOV-5899,ITEM-264,Trả NCC,53,2024-01-04,PO-3222,,system,Kiểm tra lại
MOV-5900,ITEM-270,adjustment,6,18-12-2023,,A2,KHO1,OK
MOV-5901,ITEM-270,return,74,23/05/2023,PO-3106,C1,KHO1,
MOV-5902,ITEM-267,Nhập kho,1,18-09-2023,PO-3282,B1,system,
MOV-5903,ITEM-242,Return,71,09-02-2024,PO-3268,B2,ADMIN,
MOV-5904,ITEM-214,import,83,09/04/2024,PO-3080,C1,admin,Kiểm tra lại
MOV-5905,ITEM-219,import,40,05/09/2023,PO-3208,A1,admin,
MOV-5906,ITEM-238,in,24,2023-03-15,PO-3035,,system,
MOV-5907,ITEM-277,In,50,19-01-2024,PO-3107,C1,KHO1,
MOV-5908,ITEM-263,NHẬP,41,26-12-2023,PO-3016,A1,system,Urgent
MOV-5909,ITEM-276,Out,88,2024-05-17,,A1,system,OK
MOV-5910,ITEM-270,IN,32,2023-04-07,PO-3233,A1,kho2,OK
MOV-5911,ITEM-271,ĐIỀU CHỈNH,28,25-02-2024,,,admin,
MOV-5912,ITEM-257,Nhập kho,24,19-04-2024,PO-3141,,admin,OK
MOV-5913,ITEM-275,import,67,2024-05-17,PO-3090,C1,kho2,Kiểm tra lại
MOV-5914,ITEM-215,return,-10,23-07-2023,PO-3247,A2,system,
MOV-5915,ITEM-239,in,44,20/05/2024,PO-3118,A1,kho1,
MOV-5916,ITEM-217,Trả NCC,73,25-01-2023,PO-3225,C1,ADMIN,OK
MOV-5917,ITEM-270,NHẬP,61,04/02/2023,PO-3143,B1,ADMIN,OK
MOV-5918,ITEM-261,Xuất kho,32,21-05-2023,,A2,ADMIN,
MOV-5919,ITEM-258,Trả NCC,48,2023-09-27,PO-3245,A1,KHO1,
MOV-5919,ITEM-258,Trả NCC,48,2023-09-27,PO-3245,A1,KHO1,
MOV-5921,ITEM-208,OUT,15,21/06/2024,,B1,kho1,OK
MOV-5922,ITEM-232,ĐIỀU CHỈNH,28,13/07/2023,,A1,kho1,Kiểm tra lại
MOV-5923,ITEM-271,Trả NCC,10,2023-05-30,PO-3066,C1,admin,
MOV-5924,ITEM-222,import,97,2024-02-28,PO-3186,A1,kho2,
MOV-5925,ITEM-251,in,86,18/01/2024,PO-3201,B2,KHO1,
MOV-5926,ITEM-266,export,97,2023-06-11,,A1,system,
MOV-5927,ITEM-204,OUT,72,28-03-2023,,A1,kho2,OK
MOV-5928,ITEM-251,NHẬP,84,2023-12-16,PO-3156,C1,system,Kiểm tra lại
MOV-5929,ITEM-276,Trả NCC,88,21-05-2023,PO-3241,C1,KHO1,Urgent
MOV-5930,ITEM-209,import,35,2023-10-05,PO-3148,A2,KHO1,
MOV-5931,ITEM-245,in,43,14/06/2024,PO-3211,C1,kho1,
MOV-5932,ITEM-238,import,88,06-01-2024,PO-3278,A2,admin,Urgent
MOV-5933,ITEM-238,return,27,2023-12-12,PO-3094,B2,ADMIN,OK
MOV-5934,ITEM-273,Xuất kho,44,30/05/2023,,B2,KHO1,Kiểm tra lại
MOV-5935,ITEM-201,in,33,21-05-2024,PO-3233,C1,system,
MOV-5936,ITEM-235,NHẬP,81,16/05/2024,PO-3056,A1,kho2,
MOV-5937,ITEM-207,IN,36,21-04-2023,PO-3281,,system,
MOV-5938,ITEM-206,Trả NCC,8,2023-01-11,PO-3058,A2,kho1,
MOV-5939,ITEM-280,Xuất kho,97,01/10/2023,,A2,admin,
MOV-5940,ITEM-275,in,-22,28-01-2024,PO-3105,,KHO1,OK
MOV-5941,ITEM-263,IN,32,21/02/2024,PO-3114,B1,admin,
MOV-5942,ITEM-231,Return,56,31-01-2024,PO-3229,B2,system,
MOV-5942,ITEM-231,Return,56,31-01-2024,PO-3229,B2,system,
MOV-5944,ITEM-235,import,-63,2024-03-23,PO-3269,B2,KHO1,
MOV-5945,ITEM-248,import,10,2024-01-22,PO-3087,B1,kho1,Urgent
MOV-5946,ITEM-238,NHẬP,77,25/04/2024,PO-3013,B2,ADMIN,
MOV-5947,ITEM-203,Xuất kho,45,04-01-2024,,B2,system,
MOV-5948,ITEM-256,In,30,03/10/2023,PO-3188,C1,ADMIN,
MOV-5949,ITEM-277,out,5,26/01/2024,,,kho1,
MOV-5950,ITEM-279,Trả NCC,7,14/09/2023,PO-3041,B2,kho2,
MOV-5951,ITEM-224,NHẬP,40,20-06-2023,PO-3267,,ADMIN,
MOV-5952,ITEM-237,XUẤT,55,21/06/2023,,C1,ADMIN,
MOV-5953,ITEM-209,ADJUSTMENT,35,03-07-2023,,B1,ADMIN,
MOV-5954,ITEM-220,out,32,2023-01-09,,C1,admin,
MOV-5955,ITEM-265,NHẬP,18,21-06-2023,PO-3025,B1,KHO1,
MOV-5956,ITEM-236,out,59,29/06/2023,,,KHO1,
MOV-5957,ITEM-206,NHẬP,18,2023-01-01,PO-3148,C1,KHO1,Urgent
MOV-5958,ITEM-252,XUẤT,83,16-06-2024,,,system,
MOV-5959,ITEM-233,XUẤT,22,30/05/2024,,A2,admin,
MOV-5960,ITEM-248,Adj,15,27/02/2024,,B1,system,
MOV-5961,ITEM-203,NHẬP,100,31-05-2023,PO-3231,B1,system,
MOV-5962,ITEM-219,in,57,16/09/2023,PO-3250,B2,kho1,Kiểm tra lại
MOV-5963,ITEM-207,in,82,14-04-2023,PO-3152,B2,admin,
MOV-5964,ITEM-238,Nhập kho,71,2024-05-03,PO-3021,B1,kho1,OK
MOV-5965,ITEM-265,IN,-13,30-05-2023,PO-3288,B1,admin,Kiểm tra lại
MOV-5966,ITEM-252,Nhập kho,59,22/12/2023,PO-3168,B2,system,Kiểm tra lại
MOV-5967,ITEM-266,import,100,2024-06-02,PO-3035,,ADMIN,Kiểm tra lại
MOV-5968,ITEM-235,in,98,21/07/2023,PO-3048,B1,admin,
MOV-5969,ITEM-225,Xuất kho,25,2024-03-03,,C1,KHO1,OK
MOV-5970,ITEM-227,IN,21,08/02/2023,PO-3136,,system,
MOV-5971,ITEM-211,TRẢ HÀNG,44,17-01-2024,PO-3241,B1,ADMIN,Urgent
MOV-5972,ITEM-242,out,86,16/06/2024,,A2,admin,Kiểm tra lại
MOV-5973,ITEM-262,In,66,04-11-2023,PO-3256,B1,kho2,
MOV-5974,ITEM-219,out,29,12/09/2023,,,KHO1,
MOV-5975,ITEM-247,export,52,05/03/2024,,A2,KHO1,Kiểm tra lại
MOV-5976,ITEM-209,Adj,8,2024-03-22,,B2,admin,OK
MOV-5977,ITEM-248,In,31,2024-05-13,PO-3252,A2,kho2,
MOV-5978,ITEM-279,adjustment,44,13/06/2023,,A1,admin,
MOV-5979,ITEM-202,Nhập kho,55,19/05/2024,PO-3048,A1,admin,Kiểm tra lại
MOV-5980,ITEM-223,in,38,2024-01-11,PO-3183,B1,admin,
MOV-5981,ITEM-275,IN,79,2023-01-01,PO-3099,A1,kho2,
MOV-5982,ITEM-238,Xuất kho,10,2023-10-19,,A2,ADMIN,
MOV-5983,ITEM-266,NHẬP,78,18-08-2023,PO-3146,B2,system,OK
MOV-5984,ITEM-266,In,84,2024-02-15,PO-3215,,kho2,
MOV-5985,ITEM-231,out,91,08/06/2023,,A2,admin,Kiểm tra lại
MOV-5986,ITEM-217,import,10,2023-10-17,PO-3171,B2,admin,Urgent
MOV-5987,ITEM-271,Trả NCC,39,2023-08-03,PO-3243,A1,admin,
MOV-5988,ITEM-233,out,64,19-04-2024,,B1,system,
MOV-5989,ITEM-242,TRẢ HÀNG,85,19/11/2023,PO-3291,B1,system,
MOV-5990,ITEM-263,in,6,24/05/2023,PO-3123,,kho1,Kiểm tra lại
MOV-5991,ITEM-205,ADJUSTMENT,81,2024-01-05,,B1,admin,
MOV-5992,ITEM-262,Kiểm kê,26,05-08-2023,,,KHO1,OK
MOV-5993,ITEM-268,Xuất kho,76,21/07/2023,,B2,ADMIN,
MOV-5994,ITEM-271,Nhập kho,-97,12/04/2024,PO-3023,B2,system,Kiểm tra lại
MOV-5995,ITEM-278,out,41,17-08-2023,,A1,kho1,Urgent
MOV-5996,ITEM-275,NHẬP,34,05/01/2023,PO-3272,B2,admin,Kiểm tra lại
MOV-5997,ITEM-207,In,69,02-03-2024,PO-3009,B1,KHO1,Urgent
MOV-5998,ITEM-207,Xuất kho,28,30/06/2024,,A2,system,
MOV-5999,ITEM-243,Nhập kho,84,2023-07-25,PO-3008,A1,admin,
MOV-6000,ITEM-234,import,38,2023-09-21,PO-3213,A1,kho2,OK
